entity_id,state,last_changed
sensor.seedlings_moisture,1.3057041444226725,2025-05-20T08:00:00.000Z
sensor.seedlings_moisture,1.273577291305097,2025-05-20T08:00:16.250Z
sensor.seedlings_moisture,1.2844003521033787,2025-05-20T08:01:16.250Z
sensor.seedlings_moisture,1.2753583147914762,2025-05-20T08:02:16.249Z
sensor.seedlings_moisture,1.2863769983926387,2025-05-20T08:03:16.247Z
sensor.seedlings_moisture,1.2776345788375316,2025-05-20T08:04:16.245Z
sensor.seedlings_moisture,1.320459904580862,2025-05-20T08:05:16.246Z
sensor.seedlings_moisture,1.219452998128552,2025-05-20T08:06:16.242Z
sensor.seedlings_moisture,1.2040382655429462,2025-05-20T08:07:16.241Z
sensor.seedlings_moisture,1.1843822072649028,2025-05-20T08:08:16.241Z
sensor.seedlings_moisture,1.1873139290043921,2025-05-20T08:09:16.238Z
sensor.seedlings_moisture,1.2661592095792864,2025-05-20T08:10:16.240Z
sensor.seedlings_moisture,1.2033793362346494,2025-05-20T08:11:16.235Z
sensor.seedlings_moisture,1.192247369380594,2025-05-20T08:12:16.233Z
sensor.seedlings_moisture,1.1845514595868007,2025-05-20T08:13:16.233Z
sensor.seedlings_moisture,1.2230004493204978,2025-05-20T08:14:16.230Z
sensor.seedlings_moisture,1.174027149213839,2025-05-20T08:15:16.229Z
sensor.seedlings_moisture,1.212629447652318,2025-05-20T08:16:16.229Z
sensor.seedlings_moisture,1.1892871300880177,2025-05-20T08:17:16.224Z
sensor.seedlings_moisture,1.25658555149345,2025-05-20T08:18:16.224Z
sensor.seedlings_moisture,1.2265909664908055,2025-05-20T08:19:16.223Z
sensor.seedlings_moisture,1.2189988529309044,2025-05-20T08:20:16.221Z
sensor.seedlings_moisture,1.209607812545901,2025-05-20T08:21:16.219Z
sensor.seedlings_moisture,1.207292596993271,2025-05-20T08:22:16.218Z
sensor.seedlings_moisture,1.290037017742125,2025-05-20T08:23:16.217Z
sensor.seedlings_moisture,1.1884452923011357,2025-05-20T08:24:16.215Z
sensor.seedlings_moisture,1.1956777962973681,2025-05-20T08:25:16.219Z
sensor.seedlings_moisture,1.2029570369289242,2025-05-20T08:26:16.212Z
sensor.seedlings_moisture,1.1886974704471154,2025-05-20T08:27:16.210Z
sensor.seedlings_moisture,1.2159060507843333,2025-05-20T08:28:16.211Z
sensor.seedlings_moisture,1.25510542661707,2025-05-20T08:29:16.207Z
sensor.seedlings_moisture,1.2192602412121936,2025-05-20T08:30:16.215Z
sensor.seedlings_moisture,1.2051400418430425,2025-05-20T08:31:16.212Z
sensor.seedlings_moisture,1.2129423812422484,2025-05-20T08:32:16.203Z
sensor.seedlings_moisture,1.2620870789549583,2025-05-20T08:33:16.201Z
sensor.seedlings_moisture,1.2166502303112017,2025-05-20T08:34:16.200Z
sensor.seedlings_moisture,1.2051840826833853,2025-05-20T08:35:16.200Z
sensor.seedlings_moisture,1.2338269489332983,2025-05-20T08:36:16.199Z
sensor.seedlings_moisture,1.2016341487353355,2025-05-20T08:37:16.195Z
sensor.seedlings_moisture,1.18470705492328,2025-05-20T08:38:16.193Z
sensor.seedlings_moisture,1.1947875019146927,2025-05-20T08:39:16.192Z
sensor.seedlings_moisture,1.2012067738402739,2025-05-20T08:40:16.192Z
sensor.seedlings_moisture,1.2428019020597154,2025-05-20T08:41:16.189Z
sensor.seedlings_moisture,1.21050141727126,2025-05-20T08:42:16.193Z
sensor.seedlings_moisture,1.2738523358361489,2025-05-20T08:43:16.186Z
sensor.seedlings_moisture,1.1908123406039852,2025-05-20T08:44:16.184Z
sensor.seedlings_moisture,1.1845626501608937,2025-05-20T08:45:16.183Z
sensor.seedlings_moisture,1.2033592151062273,2025-05-20T08:46:16.185Z
sensor.seedlings_moisture,1.2115500700397837,2025-05-20T08:47:16.180Z
sensor.seedlings_moisture,1.2072883802082235,2025-05-20T08:48:16.178Z
sensor.seedlings_moisture,1.1828343919195663,2025-05-20T08:49:16.177Z
sensor.seedlings_moisture,1.2751305213660988,2025-05-20T08:50:16.175Z
sensor.seedlings_moisture,1.2080968455255436,2025-05-20T08:51:16.174Z
sensor.seedlings_moisture,1.2579149749351526,2025-05-20T08:52:16.172Z
sensor.seedlings_moisture,1.2391764502368114,2025-05-20T08:53:16.171Z
sensor.seedlings_moisture,1.196144230408603,2025-05-20T08:54:16.169Z
sensor.seedlings_moisture,1.1991304519435977,2025-05-20T08:55:16.168Z
sensor.seedlings_moisture,1.212552516505537,2025-05-20T08:56:16.166Z
sensor.seedlings_moisture,1.2436618038165566,2025-05-20T08:57:16.165Z
sensor.seedlings_moisture,1.2097384951943215,2025-05-20T08:58:16.166Z
sensor.seedlings_moisture,1.2225378799091011,2025-05-20T08:59:16.164Z
sensor.seedlings_moisture,1.2052798985472188,2025-05-20T09:00:16.160Z
sensor.seedlings_moisture,1.219184383994494,2025-05-20T09:01:16.161Z
sensor.seedlings_moisture,1.281003602926003,2025-05-20T09:02:16.157Z
sensor.seedlings_moisture,1.2168904854224845,2025-05-20T09:03:16.154Z
sensor.seedlings_moisture,1.2036287826364649,2025-05-20T09:04:16.154Z
sensor.seedlings_moisture,1.315088410015163,2025-05-20T09:05:16.153Z
sensor.seedlings_moisture,1.1966021236696491,2025-05-20T09:06:16.151Z
sensor.seedlings_moisture,1.2307754215678972,2025-05-20T09:07:16.152Z
sensor.seedlings_moisture,1.2212786611693878,2025-05-20T09:08:16.148Z
sensor.seedlings_moisture,1.188202987074286,2025-05-20T09:09:16.147Z
sensor.seedlings_moisture,1.2105840840648576,2025-05-20T09:10:16.151Z
sensor.seedlings_moisture,1.200541836841347,2025-05-20T09:11:16.144Z
sensor.seedlings_moisture,1.220616763036716,2025-05-20T09:12:16.143Z
sensor.seedlings_moisture,1.1858928625211622,2025-05-20T09:13:16.143Z
sensor.seedlings_moisture,1.2381697239731317,2025-05-20T09:14:16.142Z
sensor.seedlings_moisture,1.257090496702384,2025-05-20T09:15:16.138Z
sensor.seedlings_moisture,1.2209646538802383,2025-05-20T09:16:16.136Z
sensor.seedlings_moisture,1.2964099531700979,2025-05-20T09:17:16.136Z
sensor.seedlings_moisture,1.259479796237496,2025-05-20T09:18:16.135Z
sensor.seedlings_moisture,1.1903121691759786,2025-05-20T09:19:16.134Z
sensor.seedlings_moisture,1.225478725568847,2025-05-20T09:20:16.130Z
sensor.seedlings_moisture,1.23032028847145,2025-05-20T09:21:16.129Z
sensor.seedlings_moisture,1.2164405584247484,2025-05-20T09:22:16.127Z
sensor.seedlings_moisture,1.1874291396973526,2025-05-20T09:23:16.126Z
sensor.seedlings_moisture,1.2231928025233518,2025-05-20T09:24:16.125Z
sensor.seedlings_moisture,1.2398869067160592,2025-05-20T09:25:16.122Z
sensor.seedlings_moisture,1.2228234130303395,2025-05-20T09:26:16.121Z
sensor.seedlings_moisture,1.203171527702294,2025-05-20T09:27:16.120Z
sensor.seedlings_moisture,1.2522182438818306,2025-05-20T09:28:16.120Z
sensor.seedlings_moisture,1.2084101615115381,2025-05-20T09:29:16.117Z
sensor.seedlings_moisture,1.2054545392496712,2025-05-20T09:30:16.115Z
sensor.seedlings_moisture,1.2594715330377422,2025-05-20T09:31:16.114Z
sensor.seedlings_moisture,1.2371690631434633,2025-05-20T09:32:16.112Z
sensor.seedlings_moisture,1.2058539578024305,2025-05-20T09:33:16.111Z
sensor.seedlings_moisture,1.22508122896679,2025-05-20T09:34:16.109Z
sensor.seedlings_moisture,1.242564254150433,2025-05-20T09:35:16.111Z
sensor.seedlings_moisture,1.1993283724196622,2025-05-20T09:36:16.110Z
sensor.seedlings_moisture,1.2099191386859536,2025-05-20T09:37:16.105Z
sensor.seedlings_moisture,1.1843187093591414,2025-05-20T09:38:16.103Z
sensor.seedlings_moisture,1.2021429229619314,2025-05-20T09:39:16.103Z
sensor.seedlings_moisture,1.2044059251974069,2025-05-20T09:40:16.100Z
sensor.seedlings_moisture,1.2297626033303306,2025-05-20T09:41:16.100Z
sensor.seedlings_moisture,1.2095465750370684,2025-05-20T09:42:16.097Z
sensor.seedlings_moisture,1.208905557643589,2025-05-20T09:43:16.095Z
sensor.seedlings_moisture,1.1770350902230529,2025-05-20T09:44:16.094Z
sensor.seedlings_moisture,1.1961306662913942,2025-05-20T09:45:16.093Z
sensor.seedlings_moisture,1.165326446825417,2025-05-20T09:46:16.091Z
sensor.seedlings_moisture,1.2680864696196426,2025-05-20T09:47:16.090Z
sensor.seedlings_moisture,1.2288024760642373,2025-05-20T09:48:16.088Z
sensor.seedlings_moisture,1.2122289693604962,2025-05-20T09:49:16.087Z
sensor.seedlings_moisture,1.25556193964081,2025-05-20T09:50:16.085Z
sensor.seedlings_moisture,1.2173497026726934,2025-05-20T09:51:16.084Z
sensor.seedlings_moisture,1.1797642384008653,2025-05-20T09:52:16.082Z
sensor.seedlings_moisture,1.20938363993331,2025-05-20T09:53:16.083Z
sensor.seedlings_moisture,1.1765177222199867,2025-05-20T09:54:16.080Z
sensor.seedlings_moisture,1.1866072520477033,2025-05-20T09:55:16.078Z
sensor.seedlings_moisture,1.1683332483350468,2025-05-20T09:56:16.076Z
sensor.seedlings_moisture,1.1767993863216468,2025-05-20T09:57:16.075Z
sensor.seedlings_moisture,1.1957799717776163,2025-05-20T09:58:16.073Z
sensor.seedlings_moisture,1.158662114825454,2025-05-20T09:59:16.072Z
sensor.seedlings_moisture,1.1907575899635143,2025-05-20T10:00:16.079Z
sensor.seedlings_moisture,1.1795819679478374,2025-05-20T10:01:16.069Z
sensor.seedlings_moisture,1.1990816944389375,2025-05-20T10:02:16.073Z
sensor.seedlings_moisture,1.1785989814697857,2025-05-20T10:03:16.067Z
sensor.seedlings_moisture,1.1928872826603707,2025-05-20T10:04:16.064Z
sensor.seedlings_moisture,1.2698439866077518,2025-05-20T10:05:16.063Z
sensor.seedlings_moisture,1.195536990238038,2025-05-20T10:06:16.061Z
sensor.seedlings_moisture,1.2847685707855472,2025-05-20T10:07:16.064Z
sensor.seedlings_moisture,1.1829142748471533,2025-05-20T10:08:16.060Z
sensor.seedlings_moisture,1.1761656570027748,2025-05-20T10:09:16.056Z
sensor.seedlings_moisture,1.1744839780618639,2025-05-20T10:10:16.057Z
sensor.seedlings_moisture,1.1673235954628969,2025-05-20T10:11:16.055Z
sensor.seedlings_moisture,1.1755523927862275,2025-05-20T10:12:16.054Z
sensor.seedlings_moisture,1.2192403497182907,2025-05-20T10:13:16.051Z
sensor.seedlings_moisture,1.1866585641623146,2025-05-20T10:14:16.050Z
sensor.seedlings_moisture,1.2167210006623561,2025-05-20T10:15:16.048Z
sensor.seedlings_moisture,1.2282986910166112,2025-05-20T10:16:16.047Z
sensor.seedlings_moisture,1.1701176134705058,2025-05-20T10:17:16.045Z
sensor.seedlings_moisture,1.1926047224101946,2025-05-20T10:18:16.044Z
sensor.seedlings_moisture,1.2159809123729612,2025-05-20T10:19:16.042Z
sensor.seedlings_moisture,1.2271863062411028,2025-05-20T10:20:16.041Z
sensor.seedlings_moisture,1.1719324604486854,2025-05-20T10:21:16.040Z
sensor.seedlings_moisture,1.1800608357216076,2025-05-20T10:22:16.040Z
sensor.seedlings_moisture,1.190577969212571,2025-05-20T10:23:16.043Z
sensor.seedlings_moisture,1.190780255170213,2025-05-20T10:24:16.035Z
sensor.seedlings_moisture,1.179253959216602,2025-05-20T10:25:16.034Z
sensor.seedlings_moisture,1.1720178178905307,2025-05-20T10:26:16.032Z
sensor.seedlings_moisture,1.2712398150042619,2025-05-20T10:27:16.032Z
sensor.seedlings_moisture,1.1746976744780546,2025-05-20T10:28:16.029Z
sensor.seedlings_moisture,1.2275293027184973,2025-05-20T10:29:16.028Z
sensor.seedlings_moisture,1.2521524525085337,2025-05-20T10:30:16.026Z
sensor.seedlings_moisture,1.200684619433766,2025-05-20T10:31:16.025Z
sensor.seedlings_moisture,1.1885038740699443,2025-05-20T10:32:16.024Z
sensor.seedlings_moisture,1.2458392015338393,2025-05-20T10:33:16.022Z
sensor.seedlings_moisture,1.19729954271887,2025-05-20T10:34:16.021Z
sensor.seedlings_moisture,1.2201220806649582,2025-05-20T10:35:16.021Z
sensor.seedlings_moisture,1.1868952944316762,2025-05-20T10:36:16.018Z
sensor.seedlings_moisture,1.1839792878231081,2025-05-20T10:37:16.016Z
sensor.seedlings_moisture,1.2631206180756454,2025-05-20T10:38:16.015Z
sensor.seedlings_moisture,1.1738618237489313,2025-05-20T10:39:16.013Z
sensor.seedlings_moisture,1.2069545274169453,2025-05-20T10:40:16.012Z
sensor.seedlings_moisture,1.182582768028657,2025-05-20T10:41:16.010Z
sensor.seedlings_moisture,1.155814698630288,2025-05-20T10:42:16.009Z
sensor.seedlings_moisture,1.2861564078076928,2025-05-20T10:43:16.007Z
sensor.seedlings_moisture,1.1580967106048305,2025-05-20T10:44:16.007Z
sensor.seedlings_moisture,1.180018295775477,2025-05-20T10:45:16.006Z
sensor.seedlings_moisture,1.17795294723898,2025-05-20T10:46:16.004Z
sensor.seedlings_moisture,1.2094071091668532,2025-05-20T10:47:16.004Z
sensor.seedlings_moisture,1.1996051252332742,2025-05-20T10:48:16.000Z
sensor.seedlings_moisture,1.17882957033108,2025-05-20T10:49:15.998Z
sensor.seedlings_moisture,1.1752342049984634,2025-05-20T10:50:16.002Z
sensor.seedlings_moisture,1.170270175496163,2025-05-20T10:51:15.995Z
sensor.seedlings_moisture,1.1636126201265573,2025-05-20T10:52:15.997Z
sensor.seedlings_moisture,1.170289609278835,2025-05-20T10:53:15.992Z
sensor.seedlings_moisture,1.1732319257241712,2025-05-20T10:54:15.991Z
sensor.seedlings_moisture,1.1721882840834772,2025-05-20T10:55:15.989Z
sensor.seedlings_moisture,1.1881864172084717,2025-05-20T10:56:15.989Z
sensor.seedlings_moisture,1.1851923973979532,2025-05-20T10:57:15.988Z
sensor.seedlings_moisture,1.1585531837326952,2025-05-20T10:58:15.984Z
sensor.seedlings_moisture,1.2717301839024242,2025-05-20T10:59:15.984Z
sensor.seedlings_moisture,1.176262735418888,2025-05-20T11:00:15.988Z
sensor.seedlings_moisture,1.181473753343864,2025-05-20T11:01:15.980Z
sensor.seedlings_moisture,1.1843824566968055,2025-05-20T11:02:15.979Z
sensor.seedlings_moisture,1.224226211625469,2025-05-20T11:03:15.977Z
sensor.seedlings_moisture,1.1975528448679957,2025-05-20T11:04:15.983Z
sensor.seedlings_moisture,1.1693366797331204,2025-05-20T11:05:15.977Z
sensor.seedlings_moisture,1.1601896840966843,2025-05-20T11:06:15.973Z
sensor.seedlings_moisture,1.1735417157163475,2025-05-20T11:07:15.974Z
sensor.seedlings_moisture,1.159525301055064,2025-05-20T11:08:15.970Z
sensor.seedlings_moisture,1.1597112649003911,2025-05-20T11:09:15.969Z
sensor.seedlings_moisture,1.198911677652337,2025-05-20T11:10:15.966Z
sensor.seedlings_moisture,1.1552925054857441,2025-05-20T11:11:15.974Z
sensor.seedlings_moisture,1.1925908576065183,2025-05-20T11:12:15.964Z
sensor.seedlings_moisture,1.1717811466052717,2025-05-20T11:13:15.963Z
sensor.seedlings_moisture,1.246399677972566,2025-05-20T11:14:15.965Z
sensor.seedlings_moisture,1.192647656960338,2025-05-20T11:15:15.960Z
sensor.seedlings_moisture,1.1607953821031556,2025-05-20T11:16:15.960Z
sensor.seedlings_moisture,1.156540361052706,2025-05-20T11:17:15.956Z
sensor.seedlings_moisture,1.1640951192520752,2025-05-20T11:18:15.955Z
sensor.seedlings_moisture,1.1942911006158128,2025-05-20T11:19:15.954Z
sensor.seedlings_moisture,1.1572572182125642,2025-05-20T11:20:15.952Z
sensor.seedlings_moisture,1.1592883841188006,2025-05-20T11:21:15.951Z
sensor.seedlings_moisture,1.1946173304394436,2025-05-20T11:22:15.949Z
sensor.seedlings_moisture,1.18134377354585,2025-05-20T11:23:15.951Z
sensor.seedlings_moisture,1.1716991386092748,2025-05-20T11:24:15.946Z
sensor.seedlings_moisture,1.1872230716897505,2025-05-20T11:25:15.945Z
sensor.seedlings_moisture,1.1559110250258282,2025-05-20T11:26:15.943Z
sensor.seedlings_moisture,1.1662228202976535,2025-05-20T11:27:15.941Z
sensor.seedlings_moisture,1.19163266271455,2025-05-20T11:28:15.940Z
sensor.seedlings_moisture,1.181222317185506,2025-05-20T11:29:15.939Z
sensor.seedlings_moisture,1.17667503560373,2025-05-20T11:30:15.937Z
sensor.seedlings_moisture,1.1944672290393314,2025-05-20T11:31:15.936Z
sensor.seedlings_moisture,1.1671238464084186,2025-05-20T11:32:15.934Z
sensor.seedlings_moisture,1.133587958270621,2025-05-20T11:33:15.932Z
sensor.seedlings_moisture,1.1759015271860487,2025-05-20T11:34:15.931Z
sensor.seedlings_moisture,1.154084390501526,2025-05-20T11:35:15.930Z
sensor.seedlings_moisture,1.1645326966250207,2025-05-20T11:36:15.930Z
sensor.seedlings_moisture,1.157152971849297,2025-05-20T11:37:15.927Z
sensor.seedlings_moisture,1.190896358590745,2025-05-20T11:38:15.937Z
sensor.seedlings_moisture,1.2932235309872468,2025-05-20T11:39:15.924Z
sensor.seedlings_moisture,1.1647366745926842,2025-05-20T11:40:15.922Z
sensor.seedlings_moisture,1.1645594894073477,2025-05-20T11:41:15.920Z
sensor.seedlings_moisture,1.1679041125305991,2025-05-20T11:42:15.920Z
sensor.seedlings_moisture,1.2072457723797678,2025-05-20T11:43:15.918Z
sensor.seedlings_moisture,1.191084041698711,2025-05-20T11:44:15.918Z
sensor.seedlings_moisture,1.1878293785574914,2025-05-20T11:45:15.917Z
sensor.seedlings_moisture,1.1751282221393953,2025-05-20T11:46:15.915Z
sensor.seedlings_moisture,1.1528971899836427,2025-05-20T11:47:15.912Z
sensor.seedlings_moisture,1.1611278605423327,2025-05-20T11:48:15.910Z
sensor.seedlings_moisture,1.170266343331031,2025-05-20T11:49:15.909Z
sensor.seedlings_moisture,1.2496951943664394,2025-05-20T11:50:15.907Z
sensor.seedlings_moisture,1.2176657291284334,2025-05-20T11:51:15.906Z
sensor.seedlings_moisture,1.1537808246801853,2025-05-20T11:52:15.904Z
sensor.seedlings_moisture,1.1470806499631894,2025-05-20T11:53:15.902Z
sensor.seedlings_moisture,1.1792418209081679,2025-05-20T11:54:15.901Z
sensor.seedlings_moisture,1.1774809060280331,2025-05-20T11:55:15.899Z
sensor.seedlings_moisture,1.2023871193391527,2025-05-20T11:56:15.897Z
sensor.seedlings_moisture,1.162807459406362,2025-05-20T11:57:15.895Z
sensor.seedlings_moisture,1.19737118233964,2025-05-20T11:58:15.900Z
sensor.seedlings_moisture,1.1509155984513149,2025-05-20T11:59:15.894Z
sensor.seedlings_moisture,1.1506264954090843,2025-05-20T12:00:15.890Z
sensor.seedlings_moisture,1.1702807352987423,2025-05-20T12:01:15.888Z
sensor.seedlings_moisture,1.198025783833292,2025-05-20T12:02:15.886Z
sensor.seedlings_moisture,1.18367728228188,2025-05-20T12:03:15.886Z
sensor.seedlings_moisture,1.1702495335418464,2025-05-20T12:04:15.886Z
sensor.seedlings_moisture,1.1867494105436145,2025-05-20T12:05:15.881Z
sensor.seedlings_moisture,1.197180795660419,2025-05-20T12:06:15.879Z
sensor.seedlings_moisture,1.1909173953591905,2025-05-20T12:07:15.877Z
sensor.seedlings_moisture,1.1633108738718705,2025-05-20T12:08:15.876Z
sensor.seedlings_moisture,1.1807540846027873,2025-05-20T12:09:15.876Z
sensor.seedlings_moisture,1.16311590637977,2025-05-20T12:10:15.879Z
sensor.seedlings_moisture,1.1952516882836592,2025-05-20T12:11:15.872Z
sensor.seedlings_moisture,1.1480641756041743,2025-05-20T12:12:15.870Z
sensor.seedlings_moisture,1.163553063851415,2025-05-20T12:13:15.868Z
sensor.seedlings_moisture,1.129541180544311,2025-05-20T12:14:15.869Z
sensor.seedlings_moisture,1.182954439452869,2025-05-20T12:15:15.872Z
sensor.seedlings_moisture,1.2687964981571889,2025-05-20T12:16:15.868Z
sensor.seedlings_moisture,1.1569992395920081,2025-05-20T12:17:15.863Z
sensor.seedlings_moisture,1.1545784949045275,2025-05-20T12:18:15.860Z
sensor.seedlings_moisture,1.157357289359503,2025-05-20T12:19:15.859Z
sensor.seedlings_moisture,1.1441896014838882,2025-05-20T12:20:15.857Z
sensor.seedlings_moisture,1.1396474154928116,2025-05-20T12:21:15.856Z
sensor.seedlings_moisture,1.176128610144961,2025-05-20T12:22:15.855Z
sensor.seedlings_moisture,1.1551981602497425,2025-05-20T12:23:15.852Z
sensor.seedlings_moisture,1.17782972071441,2025-05-20T12:24:15.851Z
sensor.seedlings_moisture,1.1644277978107778,2025-05-20T12:25:15.849Z
sensor.seedlings_moisture,1.15806038910442,2025-05-20T12:26:15.847Z
sensor.seedlings_moisture,1.1813916650776914,2025-05-20T12:27:15.846Z
sensor.seedlings_moisture,1.180708487042537,2025-05-20T12:28:15.844Z
sensor.seedlings_moisture,1.16913991408312,2025-05-20T12:29:15.843Z
sensor.seedlings_moisture,1.3439626111370655,2025-05-20T12:30:15.842Z
sensor.seedlings_moisture,1.2127433433121673,2025-05-20T12:31:15.840Z
sensor.seedlings_moisture,1.1444750539542885,2025-05-20T12:32:15.839Z
sensor.seedlings_moisture,1.1493158946329785,2025-05-20T12:33:15.847Z
sensor.seedlings_moisture,1.1908587771916272,2025-05-20T12:34:15.838Z
sensor.seedlings_moisture,1.1581552047992532,2025-05-20T12:35:15.835Z
sensor.seedlings_moisture,1.1499745570694324,2025-05-20T12:36:15.832Z
sensor.seedlings_moisture,1.1636123324266732,2025-05-20T12:37:15.834Z
sensor.seedlings_moisture,1.1479960361407806,2025-05-20T12:38:15.830Z
sensor.seedlings_moisture,1.1732647076800184,2025-05-20T12:39:15.829Z
sensor.seedlings_moisture,1.1584418142669881,2025-05-20T12:40:15.827Z
sensor.seedlings_moisture,1.1732407486351293,2025-05-20T12:41:15.826Z
sensor.seedlings_moisture,1.172433477422172,2025-05-20T12:42:15.825Z
sensor.seedlings_moisture,1.1831568773970584,2025-05-20T12:43:15.823Z
sensor.seedlings_moisture,1.143936798033538,2025-05-20T12:44:15.821Z
sensor.seedlings_moisture,1.160421104980852,2025-05-20T12:45:15.820Z
sensor.seedlings_moisture,1.1461874672581627,2025-05-20T12:46:15.819Z
sensor.seedlings_moisture,1.1532691547000888,2025-05-20T12:47:15.817Z
sensor.seedlings_moisture,1.1664162494865,2025-05-20T12:48:15.816Z
sensor.seedlings_moisture,1.2112495835169708,2025-05-20T12:49:15.814Z
sensor.seedlings_moisture,1.1501972750997327,2025-05-20T12:50:15.813Z
sensor.seedlings_moisture,1.1624104649833225,2025-05-20T12:51:15.811Z
sensor.seedlings_moisture,1.15828771506274,2025-05-20T12:52:15.809Z
sensor.seedlings_moisture,1.1566063613880526,2025-05-20T12:53:15.811Z
sensor.seedlings_moisture,1.20516424050103,2025-05-20T12:54:15.806Z
sensor.seedlings_moisture,1.1339498185335741,2025-05-20T12:55:15.807Z
sensor.seedlings_moisture,1.232062179919944,2025-05-20T12:56:15.805Z
sensor.seedlings_moisture,1.2462222560189862,2025-05-20T12:57:15.805Z
sensor.seedlings_moisture,1.1842252031999945,2025-05-20T12:58:15.809Z
sensor.seedlings_moisture,1.1849334972534533,2025-05-20T12:59:15.799Z
sensor.seedlings_moisture,1.1545871114590163,2025-05-20T13:00:15.797Z
sensor.seedlings_moisture,1.1484722225766377,2025-05-20T13:01:15.796Z
sensor.seedlings_moisture,1.1614278133565537,2025-05-20T13:02:15.794Z
sensor.seedlings_moisture,1.1694736421924967,2025-05-20T13:03:15.793Z
sensor.seedlings_moisture,1.1658246647367163,2025-05-20T13:04:15.790Z
sensor.seedlings_moisture,1.1534706546510374,2025-05-20T13:05:15.790Z
sensor.seedlings_moisture,1.18726628618761,2025-05-20T13:06:15.788Z
sensor.seedlings_moisture,1.1442396744869432,2025-05-20T13:07:15.787Z
sensor.seedlings_moisture,1.1404713327354579,2025-05-20T13:08:15.789Z
sensor.seedlings_moisture,1.15889608503177,2025-05-20T13:09:15.788Z
sensor.seedlings_moisture,1.148795121628062,2025-05-20T13:10:15.784Z
sensor.seedlings_moisture,1.1174102059980158,2025-05-20T13:11:15.783Z
sensor.seedlings_moisture,1.15821008068006,2025-05-20T13:12:15.780Z
sensor.seedlings_moisture,1.16055743078636,2025-05-20T13:13:15.778Z
sensor.seedlings_moisture,1.1491799132368414,2025-05-20T13:14:15.777Z
sensor.seedlings_moisture,1.170644594773907,2025-05-20T13:15:15.775Z
sensor.seedlings_moisture,1.1581800497715962,2025-05-20T13:16:15.774Z
sensor.seedlings_moisture,1.1701595416790276,2025-05-20T13:17:15.772Z
sensor.seedlings_moisture,1.1476199733454548,2025-05-20T13:18:15.771Z
sensor.seedlings_moisture,1.2254892682993932,2025-05-20T13:19:15.769Z
sensor.seedlings_moisture,1.1655179626003245,2025-05-20T13:20:15.779Z
sensor.seedlings_moisture,1.1667753619323893,2025-05-20T13:21:15.766Z
sensor.seedlings_moisture,1.1784210082386848,2025-05-20T13:22:15.765Z
sensor.seedlings_moisture,1.1632017255308815,2025-05-20T13:23:15.763Z
sensor.seedlings_moisture,1.1488732284717615,2025-05-20T13:24:15.761Z
sensor.seedlings_moisture,1.1443416788475167,2025-05-20T13:25:15.761Z
sensor.seedlings_moisture,1.2282348975426551,2025-05-20T13:26:15.759Z
sensor.seedlings_moisture,1.1514372157151667,2025-05-20T13:27:15.757Z
sensor.seedlings_moisture,1.1468254975970174,2025-05-20T13:28:15.765Z
sensor.seedlings_moisture,1.185166545920114,2025-05-20T13:29:15.754Z
sensor.seedlings_moisture,1.1507097327078069,2025-05-20T13:30:15.754Z
sensor.seedlings_moisture,1.1648352380167555,2025-05-20T13:31:15.751Z
sensor.seedlings_moisture,1.1784004401420034,2025-05-20T13:32:15.750Z
sensor.seedlings_moisture,1.147555117391063,2025-05-20T13:33:15.753Z
sensor.seedlings_moisture,1.2771700843817158,2025-05-20T13:34:15.745Z
sensor.seedlings_moisture,1.1595671104632255,2025-05-20T13:35:15.746Z
sensor.seedlings_moisture,1.1523264057754516,2025-05-20T13:36:15.743Z
sensor.seedlings_moisture,1.1721237383346992,2025-05-20T13:37:15.742Z
sensor.seedlings_moisture,1.1695097340845433,2025-05-20T13:38:15.740Z
sensor.seedlings_moisture,1.1533036951282012,2025-05-20T13:39:15.738Z
sensor.seedlings_moisture,1.1994155420830925,2025-05-20T13:40:15.737Z
sensor.seedlings_moisture,1.17664999028822,2025-05-20T13:41:15.735Z
sensor.seedlings_moisture,1.1555839054023749,2025-05-20T13:42:15.734Z
sensor.seedlings_moisture,1.1519891726274438,2025-05-20T13:43:15.732Z
sensor.seedlings_moisture,1.1575968802888408,2025-05-20T13:44:15.736Z
sensor.seedlings_moisture,1.1791794139464715,2025-05-20T13:45:15.734Z
sensor.seedlings_moisture,1.2315334486428373,2025-05-20T13:46:15.734Z
sensor.seedlings_moisture,1.2118850470506273,2025-05-20T13:47:15.726Z
sensor.seedlings_moisture,1.161554032508831,2025-05-20T13:48:15.725Z
sensor.seedlings_moisture,1.183816238134226,2025-05-20T13:49:15.729Z
sensor.seedlings_moisture,1.1573498617484546,2025-05-20T13:50:15.727Z
sensor.seedlings_moisture,1.2403545571318642,2025-05-20T13:51:15.720Z
sensor.seedlings_moisture,1.1817566051201907,2025-05-20T13:52:15.718Z
sensor.seedlings_moisture,1.16918895565735,2025-05-20T13:53:15.717Z
sensor.seedlings_moisture,1.2007114713006122,2025-05-20T13:54:15.715Z
sensor.seedlings_moisture,1.158044274538034,2025-05-20T13:55:15.714Z
sensor.seedlings_moisture,1.2996899024139088,2025-05-20T13:56:15.713Z
sensor.seedlings_moisture,1.1541745847426679,2025-05-20T13:57:15.714Z
sensor.seedlings_moisture,1.1544096208573889,2025-05-20T13:58:15.708Z
sensor.seedlings_moisture,1.1917679292181163,2025-05-20T13:59:15.708Z
sensor.seedlings_moisture,1.1669601177762896,2025-05-20T14:00:15.706Z
sensor.seedlings_moisture,1.1492633550222433,2025-05-20T14:01:15.706Z
sensor.seedlings_moisture,1.1804276958785953,2025-05-20T14:02:15.702Z
sensor.seedlings_moisture,1.1737270744534025,2025-05-20T14:03:15.701Z
sensor.seedlings_moisture,1.1927859150489872,2025-05-20T14:04:15.700Z
sensor.seedlings_moisture,1.1684403966716947,2025-05-20T14:05:15.698Z
sensor.seedlings_moisture,1.1590790517375362,2025-05-20T14:06:15.697Z
sensor.seedlings_moisture,1.1953763786766312,2025-05-20T14:07:15.695Z
sensor.seedlings_moisture,1.1519448608195022,2025-05-20T14:08:15.694Z
sensor.seedlings_moisture,1.193867034783853,2025-05-20T14:09:15.692Z
sensor.seedlings_moisture,1.2306108193548084,2025-05-20T14:10:15.691Z
sensor.seedlings_moisture,1.1748663911902673,2025-05-20T14:11:15.697Z
sensor.seedlings_moisture,1.218029090216342,2025-05-20T14:12:15.688Z
sensor.seedlings_moisture,1.151142305392933,2025-05-20T14:13:15.686Z
sensor.seedlings_moisture,1.169031718717925,2025-05-20T14:14:15.685Z
sensor.seedlings_moisture,1.1985077367005432,2025-05-20T14:15:15.689Z
sensor.seedlings_moisture,1.1384264710002037,2025-05-20T14:16:15.684Z
sensor.seedlings_moisture,1.1602322879436262,2025-05-20T14:17:15.680Z
sensor.seedlings_moisture,1.2118074128068326,2025-05-20T14:18:15.679Z
sensor.seedlings_moisture,1.1513254499920154,2025-05-20T14:19:15.677Z
sensor.seedlings_moisture,1.2137125731005345,2025-05-20T14:20:15.679Z
sensor.seedlings_moisture,1.157675120912693,2025-05-20T14:21:15.675Z
sensor.seedlings_moisture,1.207385630694032,2025-05-20T14:22:15.673Z
sensor.seedlings_moisture,1.1713994512233892,2025-05-20T14:23:15.672Z
sensor.seedlings_moisture,1.1645277757459764,2025-05-20T14:24:15.670Z
sensor.seedlings_moisture,1.1735819123709852,2025-05-20T14:25:15.669Z
sensor.seedlings_moisture,1.2057155661700363,2025-05-20T14:26:15.667Z
sensor.seedlings_moisture,1.1595340288389795,2025-05-20T14:27:15.670Z
sensor.seedlings_moisture,1.1539028142645449,2025-05-20T14:28:15.664Z
sensor.seedlings_moisture,1.1538563891720357,2025-05-20T14:29:15.663Z
sensor.seedlings_moisture,1.1678695814662934,2025-05-20T14:30:15.664Z
sensor.seedlings_moisture,1.1418014189107224,2025-05-20T14:31:15.659Z
sensor.seedlings_moisture,1.1252615936571988,2025-05-20T14:32:15.657Z
sensor.seedlings_moisture,1.1665276943977725,2025-05-20T14:33:15.656Z
sensor.seedlings_moisture,1.1708005046788623,2025-05-20T14:34:15.655Z
sensor.seedlings_moisture,1.16078129446376,2025-05-20T14:35:15.657Z
sensor.seedlings_moisture,1.1644359534485127,2025-05-20T14:36:15.652Z
sensor.seedlings_moisture,1.166979568234327,2025-05-20T14:37:15.654Z
sensor.seedlings_moisture,1.1637879556983992,2025-05-20T14:38:15.651Z
sensor.seedlings_moisture,1.1705001125016408,2025-05-20T14:39:15.651Z
sensor.seedlings_moisture,1.1939038966820639,2025-05-20T14:40:15.646Z
sensor.seedlings_moisture,1.2253560713550329,2025-05-20T14:41:15.645Z
sensor.seedlings_moisture,1.153072284864445,2025-05-20T14:42:15.645Z
sensor.seedlings_moisture,1.161302697887253,2025-05-20T14:43:15.642Z
sensor.seedlings_moisture,1.1694371705868978,2025-05-20T14:44:15.640Z
sensor.seedlings_moisture,1.1903008296011761,2025-05-20T14:45:15.639Z
sensor.seedlings_moisture,1.1658350440048257,2025-05-20T14:46:15.651Z
sensor.seedlings_moisture,1.1639879370302928,2025-05-20T14:47:15.636Z
sensor.seedlings_moisture,1.1655016876557305,2025-05-20T14:48:15.634Z
sensor.seedlings_moisture,1.1674766624621489,2025-05-20T14:49:15.636Z
sensor.seedlings_moisture,1.179388885765582,2025-05-20T14:50:15.631Z
sensor.seedlings_moisture,1.170587432439172,2025-05-20T14:51:15.632Z
sensor.seedlings_moisture,1.1524935275317434,2025-05-20T14:52:15.630Z
sensor.seedlings_moisture,1.179453588279114,2025-05-20T14:53:15.626Z
sensor.seedlings_moisture,1.1719931382615933,2025-05-20T14:54:15.624Z
sensor.seedlings_moisture,1.16255300049207,2025-05-20T14:55:15.622Z
sensor.seedlings_moisture,1.1854934681481248,2025-05-20T14:56:15.622Z
sensor.seedlings_moisture,1.1577346497009522,2025-05-20T14:57:15.620Z
sensor.seedlings_moisture,1.1653061358783958,2025-05-20T14:58:15.619Z
sensor.seedlings_moisture,1.1795290086057235,2025-05-20T14:59:15.617Z
sensor.seedlings_moisture,1.166933493673736,2025-05-20T15:00:15.618Z
sensor.seedlings_moisture,1.2032261323457418,2025-05-20T15:01:15.614Z
sensor.seedlings_moisture,1.238763370594377,2025-05-20T15:02:15.615Z
sensor.seedlings_moisture,1.1584369729356752,2025-05-20T15:03:15.613Z
sensor.seedlings_moisture,1.1460599595833463,2025-05-20T15:04:15.612Z
sensor.seedlings_moisture,1.2209569226954886,2025-05-20T15:05:15.612Z
sensor.seedlings_moisture,1.1639890128217627,2025-05-20T15:06:15.607Z
sensor.seedlings_moisture,1.1909417382616245,2025-05-20T15:07:15.606Z
sensor.seedlings_moisture,1.155815788032392,2025-05-20T15:08:15.604Z
sensor.seedlings_moisture,1.1557880146875477,2025-05-20T15:09:15.602Z
sensor.seedlings_moisture,1.1715186872864107,2025-05-20T15:10:15.601Z
sensor.seedlings_moisture,1.1803067817074047,2025-05-20T15:11:15.601Z
sensor.seedlings_moisture,1.152794826120815,2025-05-20T15:12:15.598Z
sensor.seedlings_moisture,1.1758255395181614,2025-05-20T15:13:15.622Z
sensor.seedlings_moisture,1.170510589282978,2025-05-20T15:14:15.594Z
sensor.seedlings_moisture,1.201612078246106,2025-05-20T15:15:15.593Z
sensor.seedlings_moisture,1.161932705405308,2025-05-20T15:16:15.600Z
sensor.seedlings_moisture,1.1595798205329677,2025-05-20T15:17:15.590Z
sensor.seedlings_moisture,1.1694503040874906,2025-05-20T15:18:15.589Z
sensor.seedlings_moisture,1.220635702069873,2025-05-20T15:19:15.588Z
sensor.seedlings_moisture,1.2232375691183228,2025-05-20T15:20:15.586Z
sensor.seedlings_moisture,1.1994069016929128,2025-05-20T15:21:15.588Z
sensor.seedlings_moisture,1.1918656169165385,2025-05-20T15:22:15.583Z
sensor.seedlings_moisture,1.1711524605360766,2025-05-20T15:23:15.583Z
sensor.seedlings_moisture,1.1720185224638293,2025-05-20T15:24:15.583Z
sensor.seedlings_moisture,1.2103235336715557,2025-05-20T15:25:15.580Z
sensor.seedlings_moisture,1.1684952025590414,2025-05-20T15:26:15.576Z
sensor.seedlings_moisture,1.322105021401135,2025-05-20T15:27:15.576Z
sensor.seedlings_moisture,1.1581552968479745,2025-05-20T15:28:15.572Z
sensor.seedlings_moisture,1.17053299851675,2025-05-20T15:29:15.572Z
sensor.seedlings_moisture,1.1967746625429931,2025-05-20T15:30:15.570Z
sensor.seedlings_moisture,1.1728829874876314,2025-05-20T15:31:15.569Z
sensor.seedlings_moisture,1.1519217911526414,2025-05-20T15:32:15.567Z
sensor.seedlings_moisture,1.1442749993208872,2025-05-20T15:33:15.568Z
sensor.seedlings_moisture,1.200589403690921,2025-05-20T15:34:15.564Z
sensor.seedlings_moisture,1.1538723585634183,2025-05-20T15:35:15.563Z
sensor.seedlings_moisture,1.16158189464136,2025-05-20T15:36:15.563Z
sensor.seedlings_moisture,1.1605820730762968,2025-05-20T15:37:15.560Z
sensor.seedlings_moisture,1.1987562909034908,2025-05-20T15:38:15.566Z
sensor.seedlings_moisture,1.18456104191276,2025-05-20T15:39:15.557Z
sensor.seedlings_moisture,1.2106890959279848,2025-05-20T15:40:15.556Z
sensor.seedlings_moisture,1.1801345403195738,2025-05-20T15:41:15.554Z
sensor.seedlings_moisture,1.191238096131314,2025-05-20T15:42:15.552Z
sensor.seedlings_moisture,1.1758323824011006,2025-05-20T15:43:15.554Z
sensor.seedlings_moisture,1.1677099134782751,2025-05-20T15:44:15.549Z
sensor.seedlings_moisture,1.174638887851221,2025-05-20T15:45:15.548Z
sensor.seedlings_moisture,1.2004866898536344,2025-05-20T15:46:15.547Z
sensor.seedlings_moisture,1.1519333983054718,2025-05-20T15:47:15.545Z
sensor.seedlings_moisture,1.2844170168082367,2025-05-20T15:48:15.549Z
sensor.seedlings_moisture,1.1557089760599553,2025-05-20T15:49:15.556Z
sensor.seedlings_moisture,1.12980332796544,2025-05-20T15:50:15.541Z
sensor.seedlings_moisture,1.1447974497019917,2025-05-20T15:51:15.539Z
sensor.seedlings_moisture,1.1600666350489683,2025-05-20T15:52:15.538Z
sensor.seedlings_moisture,1.15032439494674,2025-05-20T15:53:15.538Z
sensor.seedlings_moisture,1.1718121366207683,2025-05-20T15:54:15.535Z
sensor.seedlings_moisture,1.1788519631293306,2025-05-20T15:55:15.555Z
sensor.seedlings_moisture,1.1616627082845683,2025-05-20T15:56:15.531Z
sensor.seedlings_moisture,1.2060187546934282,2025-05-20T15:57:15.531Z
sensor.seedlings_moisture,1.1528338089743948,2025-05-20T15:58:15.529Z
sensor.seedlings_moisture,1.16685186101369,2025-05-20T15:59:15.528Z
sensor.seedlings_moisture,1.165323577600459,2025-05-20T16:00:15.525Z
sensor.seedlings_moisture,1.17199701839175,2025-05-20T16:01:15.524Z
sensor.seedlings_moisture,1.175462228206404,2025-05-20T16:02:15.523Z
sensor.seedlings_moisture,1.1774587833037915,2025-05-20T16:03:15.524Z
sensor.seedlings_moisture,1.1796535315382715,2025-05-20T16:04:15.519Z
sensor.seedlings_moisture,1.1990795558707408,2025-05-20T16:05:15.518Z
sensor.seedlings_moisture,1.1810812457592124,2025-05-20T16:06:15.517Z
sensor.seedlings_moisture,1.162432041982994,2025-05-20T16:07:15.517Z
sensor.seedlings_moisture,1.1394713817380087,2025-05-20T16:08:15.514Z
sensor.seedlings_moisture,1.1683511761721574,2025-05-20T16:09:15.519Z
sensor.seedlings_moisture,1.2662780812621346,2025-05-20T16:10:15.513Z
sensor.seedlings_moisture,1.2067408340386656,2025-05-20T16:11:15.508Z
sensor.seedlings_moisture,1.1883466863251715,2025-05-20T16:12:15.509Z
sensor.seedlings_moisture,1.1620873939060343,2025-05-20T16:13:15.505Z
sensor.seedlings_moisture,1.1872964364287013,2025-05-20T16:14:15.504Z
sensor.seedlings_moisture,1.14134917422745,2025-05-20T16:15:15.503Z
sensor.seedlings_moisture,1.255586068459579,2025-05-20T16:16:15.571Z
sensor.seedlings_moisture,1.1725077815478036,2025-05-20T16:17:15.499Z
sensor.seedlings_moisture,1.157089093958569,2025-05-20T16:18:15.500Z
sensor.seedlings_moisture,1.1460876869838894,2025-05-20T16:19:15.501Z
sensor.seedlings_moisture,1.1601402909559824,2025-05-20T16:20:15.496Z
sensor.seedlings_moisture,1.1989277151328037,2025-05-20T16:21:15.494Z
sensor.seedlings_moisture,1.1616126815892052,2025-05-20T16:22:15.493Z
sensor.seedlings_moisture,1.2650537674073323,2025-05-20T16:23:15.495Z
sensor.seedlings_moisture,1.1880308771392407,2025-05-20T16:24:15.489Z
sensor.seedlings_moisture,1.1379011794451765,2025-05-20T16:25:15.488Z
sensor.seedlings_moisture,1.2037879014606558,2025-05-20T16:26:15.485Z
sensor.seedlings_moisture,1.1801591493198877,2025-05-20T16:27:15.494Z
sensor.seedlings_moisture,1.1856743763359179,2025-05-20T16:28:15.483Z
sensor.seedlings_moisture,1.170138614367372,2025-05-20T16:29:15.481Z
sensor.seedlings_moisture,1.208843479328583,2025-05-20T16:30:15.478Z
sensor.seedlings_moisture,1.1564529115922173,2025-05-20T16:31:15.478Z
sensor.seedlings_moisture,1.15161509590837,2025-05-20T16:32:15.477Z
sensor.seedlings_moisture,1.1778897659634557,2025-05-20T16:33:15.475Z
sensor.seedlings_moisture,1.16288792490995,2025-05-20T16:34:15.473Z
sensor.seedlings_moisture,1.1694469680434227,2025-05-20T16:35:15.479Z
sensor.seedlings_moisture,1.1877476993730405,2025-05-20T16:36:15.470Z
sensor.seedlings_moisture,1.1865303655814587,2025-05-20T16:37:15.469Z
sensor.seedlings_moisture,1.1902306631667,2025-05-20T16:38:15.468Z
sensor.seedlings_moisture,1.1788985723912528,2025-05-20T16:39:15.465Z
sensor.seedlings_moisture,1.1795354345560825,2025-05-20T16:40:15.464Z
sensor.seedlings_moisture,1.2157257005657776,2025-05-20T16:41:15.462Z
sensor.seedlings_moisture,1.183120114125346,2025-05-20T16:42:15.462Z
sensor.seedlings_moisture,1.1349838039551607,2025-05-20T16:43:15.460Z
sensor.seedlings_moisture,1.1760396616206858,2025-05-20T16:44:15.475Z
sensor.seedlings_moisture,1.1832310024308785,2025-05-20T16:45:15.462Z
sensor.seedlings_moisture,1.1633429434265103,2025-05-20T16:46:15.461Z
sensor.seedlings_moisture,1.1855192562299364,2025-05-20T16:47:15.454Z
sensor.seedlings_moisture,1.1756161298004364,2025-05-20T16:48:15.452Z
sensor.seedlings_moisture,1.2115970786568795,2025-05-20T16:49:15.452Z
sensor.seedlings_moisture,1.177251204841799,2025-05-20T16:50:15.449Z
sensor.seedlings_moisture,1.2148878084102404,2025-05-20T16:51:15.447Z
sensor.seedlings_moisture,1.2145821793731746,2025-05-20T16:52:15.446Z
sensor.seedlings_moisture,1.2177958055633709,2025-05-20T16:53:15.443Z
sensor.seedlings_moisture,1.1688197105161031,2025-05-20T16:54:15.452Z
sensor.seedlings_moisture,1.166725214051684,2025-05-20T16:55:15.440Z
sensor.seedlings_moisture,1.1560406243694985,2025-05-20T16:56:15.440Z
sensor.seedlings_moisture,1.1650225085056976,2025-05-20T16:57:15.436Z
sensor.seedlings_moisture,1.1890792474882863,2025-05-20T16:58:15.437Z
sensor.seedlings_moisture,1.195361485754947,2025-05-20T16:59:15.443Z
sensor.seedlings_moisture,1.1965925184186965,2025-05-20T17:00:15.434Z
sensor.seedlings_moisture,1.178893832450454,2025-05-20T17:01:15.432Z
sensor.seedlings_moisture,1.2522355611828662,2025-05-20T17:02:15.431Z
sensor.seedlings_moisture,1.15719921579685,2025-05-20T17:03:15.430Z
sensor.seedlings_moisture,1.165586439030488,2025-05-20T17:04:15.428Z
sensor.seedlings_moisture,1.1599971004585548,2025-05-20T17:05:15.426Z
sensor.seedlings_moisture,1.2239439414864073,2025-05-20T17:06:15.430Z
sensor.seedlings_moisture,1.1566498596339132,2025-05-20T17:07:15.424Z
sensor.seedlings_moisture,1.2225257351099021,2025-05-20T17:08:15.431Z
sensor.seedlings_moisture,1.1788312374036223,2025-05-20T17:09:15.420Z
sensor.seedlings_moisture,1.2233171816429222,2025-05-20T17:10:15.419Z
sensor.seedlings_moisture,1.202602284100457,2025-05-20T17:11:15.417Z
sensor.seedlings_moisture,1.1959767233462726,2025-05-20T17:12:15.416Z
sensor.seedlings_moisture,1.193258647611535,2025-05-20T17:13:15.425Z
sensor.seedlings_moisture,1.1896124300475925,2025-05-20T17:14:15.413Z
sensor.seedlings_moisture,1.182222569482551,2025-05-20T17:15:15.411Z
sensor.seedlings_moisture,1.1837761307750814,2025-05-20T17:16:15.409Z
sensor.seedlings_moisture,1.2011881996858411,2025-05-20T17:17:15.408Z
sensor.seedlings_moisture,1.2399182195471394,2025-05-20T17:18:15.407Z
sensor.seedlings_moisture,1.1877745508623043,2025-05-20T17:19:15.405Z
sensor.seedlings_moisture,1.1684253967123268,2025-05-20T17:20:15.405Z
sensor.seedlings_moisture,1.19658309969699,2025-05-20T17:21:15.402Z
sensor.seedlings_moisture,1.1700376279207092,2025-05-20T17:22:15.401Z
sensor.seedlings_moisture,1.1854539613491648,2025-05-20T17:23:15.400Z
sensor.seedlings_moisture,1.1841080219611413,2025-05-20T17:24:15.398Z
sensor.seedlings_moisture,1.2498504645690363,2025-05-20T17:25:15.396Z
sensor.seedlings_moisture,1.1806289608022995,2025-05-20T17:26:15.402Z
sensor.seedlings_moisture,1.1779897544026565,2025-05-20T17:27:15.397Z
sensor.seedlings_moisture,1.1841980215062928,2025-05-20T17:28:15.393Z
sensor.seedlings_moisture,1.1894708722572394,2025-05-20T17:29:15.392Z
sensor.seedlings_moisture,1.1992399732935342,2025-05-20T17:30:15.403Z
sensor.seedlings_moisture,1.1754442855046074,2025-05-20T17:31:15.387Z
sensor.seedlings_moisture,1.1740506767824253,2025-05-20T17:32:15.386Z
sensor.seedlings_moisture,1.1770958022982165,2025-05-20T17:33:15.392Z
sensor.seedlings_moisture,1.17184323454912,2025-05-20T17:34:15.383Z
sensor.seedlings_moisture,1.1604730614401308,2025-05-20T17:35:15.386Z
sensor.seedlings_moisture,1.136668460719921,2025-05-20T17:36:15.380Z
sensor.seedlings_moisture,1.1663842173452343,2025-05-20T17:37:15.378Z
sensor.seedlings_moisture,1.2686262842923137,2025-05-20T17:38:15.380Z
sensor.seedlings_moisture,1.1836176217992327,2025-05-20T17:39:15.376Z
sensor.seedlings_moisture,1.2039087429225026,2025-05-20T17:40:15.374Z
sensor.seedlings_moisture,1.1817943639312434,2025-05-20T17:41:15.374Z
sensor.seedlings_moisture,1.2224201382493243,2025-05-20T17:42:15.372Z
sensor.seedlings_moisture,1.1881031702968745,2025-05-20T17:43:15.376Z
sensor.seedlings_moisture,1.1865936339985734,2025-05-20T17:44:15.369Z
sensor.seedlings_moisture,1.185859203650803,2025-05-20T17:45:15.367Z
sensor.seedlings_moisture,1.1946804409359695,2025-05-20T17:46:15.366Z
sensor.seedlings_moisture,1.1844241620495384,2025-05-20T17:47:15.364Z
sensor.seedlings_moisture,1.1780101077980445,2025-05-20T17:48:15.363Z
sensor.seedlings_moisture,1.1989525010202091,2025-05-20T17:49:15.361Z
sensor.seedlings_moisture,1.2195553292219306,2025-05-20T17:50:15.364Z
sensor.seedlings_moisture,1.2193769867173194,2025-05-20T17:51:15.359Z
sensor.seedlings_moisture,1.187029163285573,2025-05-20T17:52:15.361Z
sensor.seedlings_moisture,1.180896671846817,2025-05-20T17:53:15.356Z
sensor.seedlings_moisture,1.1934765236753435,2025-05-20T17:54:15.359Z
sensor.seedlings_moisture,1.1988672069789172,2025-05-20T17:55:15.353Z
sensor.seedlings_moisture,1.2149026164987886,2025-05-20T17:56:15.351Z
sensor.seedlings_moisture,1.2698009392038034,2025-05-20T17:57:15.354Z
sensor.seedlings_moisture,1.2135701558164207,2025-05-20T17:58:15.349Z
sensor.seedlings_moisture,1.1930104118833633,2025-05-20T17:59:15.348Z
sensor.seedlings_moisture,1.1894686988366412,2025-05-20T18:00:15.346Z
sensor.seedlings_moisture,1.1957066728681989,2025-05-20T18:01:15.346Z
sensor.seedlings_moisture,1.1863379550604725,2025-05-20T18:02:15.342Z
sensor.seedlings_moisture,1.194784674263661,2025-05-20T18:03:15.341Z
sensor.seedlings_moisture,1.1951411703449715,2025-05-20T18:04:15.342Z
sensor.seedlings_moisture,1.222416548502815,2025-05-20T18:05:15.338Z
sensor.seedlings_moisture,1.23858136327941,2025-05-20T18:06:15.337Z
sensor.seedlings_moisture,1.198082328699551,2025-05-20T18:07:15.335Z
sensor.seedlings_moisture,1.288817419622328,2025-05-20T18:08:15.333Z
sensor.seedlings_moisture,1.179195480180801,2025-05-20T18:09:15.332Z
sensor.seedlings_moisture,1.1901300834117232,2025-05-20T18:10:15.340Z
sensor.seedlings_moisture,1.1907830979990073,2025-05-20T18:11:15.331Z
sensor.seedlings_moisture,1.2059768467407508,2025-05-20T18:12:15.328Z
sensor.seedlings_moisture,1.1952064465172314,2025-05-20T18:13:15.326Z
sensor.seedlings_moisture,1.1873980745469441,2025-05-20T18:14:15.332Z
sensor.seedlings_moisture,1.1850229186924757,2025-05-20T18:15:15.331Z
sensor.seedlings_moisture,1.1720455546223774,2025-05-20T18:16:15.321Z
sensor.seedlings_moisture,1.200426411657945,2025-05-20T18:17:15.322Z
sensor.seedlings_moisture,1.2044505636423675,2025-05-20T18:18:15.318Z
sensor.seedlings_moisture,1.1774163336149992,2025-05-20T18:19:15.317Z
sensor.seedlings_moisture,1.1909941937635935,2025-05-20T18:20:15.315Z
sensor.seedlings_moisture,1.1834500587332224,2025-05-20T18:21:15.313Z
sensor.seedlings_moisture,1.1850386087522042,2025-05-20T18:22:15.312Z
sensor.seedlings_moisture,1.1795724898253548,2025-05-20T18:23:15.311Z
sensor.seedlings_moisture,1.1708299245281313,2025-05-20T18:24:15.309Z
sensor.seedlings_moisture,1.2184650240100225,2025-05-20T18:25:15.309Z
sensor.seedlings_moisture,1.1768884907898534,2025-05-20T18:26:15.306Z
sensor.seedlings_moisture,1.1850000353820336,2025-05-20T18:27:15.309Z
sensor.seedlings_moisture,1.1917351154685352,2025-05-20T18:28:15.305Z
sensor.seedlings_moisture,1.1999822068075,2025-05-20T18:29:15.302Z
sensor.seedlings_moisture,1.184087450650017,2025-05-20T18:30:15.300Z
sensor.seedlings_moisture,1.1624649714012165,2025-05-20T18:31:15.298Z
sensor.seedlings_moisture,1.1557491299880047,2025-05-20T18:32:15.297Z
sensor.seedlings_moisture,1.1828664253090706,2025-05-20T18:33:15.296Z
sensor.seedlings_moisture,1.1557735159315226,2025-05-20T18:34:15.294Z
sensor.seedlings_moisture,1.2204687165819867,2025-05-20T18:35:15.292Z
sensor.seedlings_moisture,1.1817408028320546,2025-05-20T18:36:15.291Z
sensor.seedlings_moisture,1.2087986144260208,2025-05-20T18:37:15.293Z
sensor.seedlings_moisture,1.171881775779818,2025-05-20T18:38:15.291Z
sensor.seedlings_moisture,1.1679033160568055,2025-05-20T18:39:15.287Z
sensor.seedlings_moisture,1.2263877561607068,2025-05-20T18:40:15.296Z
sensor.seedlings_moisture,1.170350257558852,2025-05-20T18:41:15.284Z
sensor.seedlings_moisture,1.1778545516230012,2025-05-20T18:42:15.282Z
sensor.seedlings_moisture,1.172383489515088,2025-05-20T18:43:15.283Z
sensor.seedlings_moisture,1.1638159503747536,2025-05-20T18:44:15.279Z
sensor.seedlings_moisture,1.2001212996067046,2025-05-20T18:45:15.278Z
sensor.seedlings_moisture,1.2107684099029707,2025-05-20T18:46:15.276Z
sensor.seedlings_moisture,1.2012900702590326,2025-05-20T18:47:15.274Z
sensor.seedlings_moisture,1.1756670077187548,2025-05-20T18:48:15.273Z
sensor.seedlings_moisture,1.228602684733472,2025-05-20T18:49:15.271Z
sensor.seedlings_moisture,1.1890089405950246,2025-05-20T18:50:15.269Z
sensor.seedlings_moisture,1.194457117269573,2025-05-20T18:51:15.268Z
sensor.seedlings_moisture,1.2506867601568545,2025-05-20T18:52:15.267Z
sensor.seedlings_moisture,1.197589551355803,2025-05-20T18:53:15.266Z
sensor.seedlings_moisture,1.2645682673613214,2025-05-20T18:54:15.264Z
sensor.seedlings_moisture,1.2059244908477418,2025-05-20T18:55:15.262Z
sensor.seedlings_moisture,1.2169123628833316,2025-05-20T18:56:15.260Z
sensor.seedlings_moisture,1.2586187562067945,2025-05-20T18:57:15.266Z
sensor.seedlings_moisture,1.2581029587253572,2025-05-20T18:58:15.257Z
sensor.seedlings_moisture,1.2612773143622726,2025-05-20T18:59:15.258Z
sensor.seedlings_moisture,1.288596734440794,2025-05-20T19:00:15.255Z
sensor.seedlings_moisture,1.22356857150223,2025-05-20T19:01:15.253Z
sensor.seedlings_moisture,1.243326293360793,2025-05-20T19:02:15.257Z
sensor.seedlings_moisture,1.2370975730421683,2025-05-20T19:03:15.257Z
sensor.seedlings_moisture,1.2581916445725931,2025-05-20T19:04:15.249Z
sensor.seedlings_moisture,1.2395698848445276,2025-05-20T19:05:15.252Z
sensor.seedlings_moisture,1.289202278540877,2025-05-20T19:06:15.245Z
sensor.seedlings_moisture,1.234474671944439,2025-05-20T19:07:15.244Z
sensor.seedlings_moisture,1.2188506471049747,2025-05-20T19:08:15.243Z
sensor.seedlings_moisture,1.1956611935838022,2025-05-20T19:09:15.241Z
sensor.seedlings_moisture,1.3728606144769167,2025-05-20T19:10:15.239Z
sensor.seedlings_moisture,1.24882704402656,2025-05-20T19:11:15.238Z
sensor.seedlings_moisture,1.2266442206362789,2025-05-20T19:12:15.237Z
sensor.seedlings_moisture,1.2146652420753163,2025-05-20T19:13:15.238Z
sensor.seedlings_moisture,1.221835326645973,2025-05-20T19:14:15.233Z
sensor.seedlings_moisture,1.2372036865034024,2025-05-20T19:15:15.232Z
sensor.seedlings_moisture,1.222904169281373,2025-05-20T19:16:15.240Z
sensor.seedlings_moisture,1.1857121619120157,2025-05-20T19:17:15.229Z
sensor.seedlings_moisture,1.215259704029916,2025-05-20T19:18:15.229Z
sensor.seedlings_moisture,1.2178136084656117,2025-05-20T19:19:15.225Z
sensor.seedlings_moisture,1.1914893766840755,2025-05-20T19:20:15.225Z
sensor.seedlings_moisture,1.1628750284936538,2025-05-20T19:21:15.223Z
sensor.seedlings_moisture,1.209490394708976,2025-05-20T19:22:15.232Z
sensor.seedlings_moisture,1.23879826371344,2025-05-20T19:23:15.220Z
sensor.seedlings_moisture,1.210195771837683,2025-05-20T19:24:15.219Z
sensor.seedlings_moisture,1.20129691188758,2025-05-20T19:25:15.222Z
sensor.seedlings_moisture,1.2015861804422294,2025-05-20T19:26:15.221Z
sensor.seedlings_moisture,1.1891913815007107,2025-05-20T19:27:15.214Z
sensor.seedlings_moisture,1.2024203582002049,2025-05-20T19:28:15.224Z
sensor.seedlings_moisture,1.1886895526031829,2025-05-20T19:29:15.211Z
sensor.seedlings_moisture,1.2051511543712115,2025-05-20T19:30:15.210Z
sensor.seedlings_moisture,1.2086260393218538,2025-05-20T19:31:15.208Z
sensor.seedlings_moisture,1.1968802873101283,2025-05-20T19:32:15.207Z
sensor.seedlings_moisture,1.1704619696850584,2025-05-20T19:33:15.205Z
sensor.seedlings_moisture,1.2129529094753615,2025-05-20T19:34:15.204Z
sensor.seedlings_moisture,1.2022055277008319,2025-05-20T19:35:15.202Z
sensor.seedlings_moisture,1.195819215003283,2025-05-20T19:36:15.201Z
sensor.seedlings_moisture,1.1929865984275123,2025-05-20T19:37:15.200Z
sensor.seedlings_moisture,1.2068880318197759,2025-05-20T19:38:15.198Z
sensor.seedlings_moisture,1.1624537887607558,2025-05-20T19:39:15.197Z
sensor.seedlings_moisture,1.1784529550716918,2025-05-20T19:40:15.196Z
sensor.seedlings_moisture,1.2450376013935174,2025-05-20T19:41:15.194Z
sensor.seedlings_moisture,1.194991133089661,2025-05-20T19:42:15.192Z
sensor.seedlings_moisture,1.198973110137681,2025-05-20T19:43:15.191Z
sensor.seedlings_moisture,1.2363613567433527,2025-05-20T19:44:15.190Z
sensor.seedlings_moisture,1.1971319401319052,2025-05-20T19:45:15.188Z
sensor.seedlings_moisture,1.1828631247367,2025-05-20T19:46:15.186Z
sensor.seedlings_moisture,1.2069332940837216,2025-05-20T19:47:15.184Z
sensor.seedlings_moisture,1.1944546742263042,2025-05-20T19:48:15.183Z
sensor.seedlings_moisture,1.1788873378818285,2025-05-20T19:49:15.181Z
sensor.seedlings_moisture,1.2247933682297427,2025-05-20T19:50:15.184Z
sensor.seedlings_moisture,1.1964686858661349,2025-05-20T19:51:15.178Z
sensor.seedlings_moisture,1.182265166103711,2025-05-20T19:52:15.178Z
sensor.seedlings_moisture,1.1649121633723434,2025-05-20T19:53:15.180Z
sensor.seedlings_moisture,1.2024558185852208,2025-05-20T19:54:15.176Z
sensor.seedlings_moisture,1.1746881067166848,2025-05-20T19:55:15.172Z
sensor.seedlings_moisture,1.2036780310160344,2025-05-20T19:56:15.176Z
sensor.seedlings_moisture,1.231831605155199,2025-05-20T19:57:15.169Z
sensor.seedlings_moisture,1.2069828626792156,2025-05-20T19:58:15.168Z
sensor.seedlings_moisture,1.2281538405130439,2025-05-20T19:59:15.167Z
sensor.seedlings_moisture,1.346757791141915,2025-05-20T20:00:15.171Z
sensor.seedlings_moisture,1.2627589010437987,2025-05-20T20:01:15.165Z
sensor.seedlings_moisture,1.1917924262219772,2025-05-20T20:02:15.162Z
sensor.seedlings_moisture,1.2016430381138108,2025-05-20T20:03:15.160Z
sensor.seedlings_moisture,1.2400504506258216,2025-05-20T20:04:15.172Z
sensor.seedlings_moisture,1.2196819326984276,2025-05-20T20:05:15.159Z
sensor.seedlings_moisture,1.2225917988607862,2025-05-20T20:06:15.156Z
sensor.seedlings_moisture,1.197600989126736,2025-05-20T20:07:15.155Z
sensor.seedlings_moisture,1.1957076717730004,2025-05-20T20:08:15.153Z
sensor.seedlings_moisture,1.1817024550712518,2025-05-20T20:09:15.152Z
sensor.seedlings_moisture,1.205614146481627,2025-05-20T20:10:15.153Z
sensor.seedlings_moisture,1.2127126942942827,2025-05-20T20:11:15.152Z
sensor.seedlings_moisture,1.2200689466200123,2025-05-20T20:12:15.147Z
sensor.seedlings_moisture,1.264668929089913,2025-05-20T20:13:15.146Z
sensor.seedlings_moisture,1.26029711062436,2025-05-20T20:14:15.144Z
sensor.seedlings_moisture,1.2290183164772448,2025-05-20T20:15:15.144Z
sensor.seedlings_moisture,1.1765308401886483,2025-05-20T20:16:15.166Z
sensor.seedlings_moisture,1.247143133832922,2025-05-20T20:17:15.145Z
sensor.seedlings_moisture,1.17072517029146,2025-05-20T20:18:15.138Z
sensor.seedlings_moisture,1.2913180784106357,2025-05-20T20:19:15.137Z
sensor.seedlings_moisture,1.1737759935065248,2025-05-20T20:20:15.135Z
sensor.seedlings_moisture,1.2162744522522826,2025-05-20T20:21:15.134Z
sensor.seedlings_moisture,1.2009790277031926,2025-05-20T20:22:15.131Z
sensor.seedlings_moisture,1.2233307715791442,2025-05-20T20:23:15.131Z
sensor.seedlings_moisture,1.216980619885019,2025-05-20T20:24:15.129Z
sensor.seedlings_moisture,1.1958677400440627,2025-05-20T20:25:15.128Z
sensor.seedlings_moisture,1.1879434486625675,2025-05-20T20:26:15.127Z
sensor.seedlings_moisture,1.2152702938498392,2025-05-20T20:27:15.129Z
sensor.seedlings_moisture,1.1745659347521928,2025-05-20T20:28:15.128Z
sensor.seedlings_moisture,1.1743788781554487,2025-05-20T20:29:15.128Z
sensor.seedlings_moisture,1.1678449656466805,2025-05-20T20:30:15.122Z
sensor.seedlings_moisture,1.1623800562820026,2025-05-20T20:31:15.119Z
sensor.seedlings_moisture,1.1949103280901459,2025-05-20T20:32:15.119Z
sensor.seedlings_moisture,1.206722636350413,2025-05-20T20:33:15.117Z
sensor.seedlings_moisture,1.165904311703072,2025-05-20T20:34:15.116Z
sensor.seedlings_moisture,1.1867387302340378,2025-05-20T20:35:15.114Z
sensor.seedlings_moisture,1.202080194305687,2025-05-20T20:36:15.113Z
sensor.seedlings_moisture,1.1894969066017458,2025-05-20T20:37:15.111Z
sensor.seedlings_moisture,1.25328540195338,2025-05-20T20:38:15.118Z
sensor.seedlings_moisture,1.1735974503157647,2025-05-20T20:39:15.109Z
sensor.seedlings_moisture,1.1635810451982607,2025-05-20T20:40:15.117Z
sensor.seedlings_moisture,1.3022457559471774,2025-05-20T20:41:15.105Z
sensor.seedlings_moisture,1.1753579498054119,2025-05-20T20:42:15.110Z
sensor.seedlings_moisture,1.167187833778366,2025-05-20T20:43:15.104Z
sensor.seedlings_moisture,1.2033892274329747,2025-05-20T20:44:15.102Z
sensor.seedlings_moisture,1.1815890150511883,2025-05-20T20:45:15.099Z
sensor.seedlings_moisture,1.1602451247769334,2025-05-20T20:46:15.097Z
sensor.seedlings_moisture,1.182401842875572,2025-05-20T20:47:15.098Z
sensor.seedlings_moisture,1.2098668461983915,2025-05-20T20:48:15.099Z
sensor.seedlings_moisture,1.163985929965006,2025-05-20T20:49:15.093Z
sensor.seedlings_moisture,1.1655547945236244,2025-05-20T20:50:15.092Z
sensor.seedlings_moisture,1.2602523978550093,2025-05-20T20:51:15.089Z
sensor.seedlings_moisture,1.203064982927005,2025-05-20T20:52:15.089Z
sensor.seedlings_moisture,1.1684941982105868,2025-05-20T20:53:15.090Z
sensor.seedlings_moisture,1.1936034821395465,2025-05-20T20:54:15.086Z
sensor.seedlings_moisture,1.196637009000756,2025-05-20T20:55:15.086Z
sensor.seedlings_moisture,1.1700831966837877,2025-05-20T20:56:15.084Z
sensor.seedlings_moisture,1.1929223448488406,2025-05-20T20:57:15.082Z
sensor.seedlings_moisture,1.1796655616823688,2025-05-20T20:58:15.081Z
sensor.seedlings_moisture,1.180357459793693,2025-05-20T20:59:15.079Z
sensor.seedlings_moisture,1.164739446686633,2025-05-20T21:00:15.077Z
sensor.seedlings_moisture,1.1746381285431384,2025-05-20T21:01:15.077Z
sensor.seedlings_moisture,1.188158496615622,2025-05-20T21:02:15.077Z
sensor.seedlings_moisture,1.2111797755997384,2025-05-20T21:03:15.086Z
sensor.seedlings_moisture,1.3244924760703445,2025-05-20T21:04:15.071Z
sensor.seedlings_moisture,1.193100378043291,2025-05-20T21:05:15.073Z
sensor.seedlings_moisture,1.2236382768725653,2025-05-20T21:06:15.068Z
sensor.seedlings_moisture,1.2144307156160736,2025-05-20T21:07:15.068Z
sensor.seedlings_moisture,1.3077466724109674,2025-05-20T21:08:15.065Z
sensor.seedlings_moisture,1.1882762229922565,2025-05-20T21:09:15.063Z
sensor.seedlings_moisture,1.2073604530560733,2025-05-20T21:10:15.062Z
sensor.seedlings_moisture,1.194208341696558,2025-05-20T21:11:15.061Z
sensor.seedlings_moisture,1.1785202670308204,2025-05-20T21:12:15.058Z
sensor.seedlings_moisture,1.2013657418791763,2025-05-20T21:13:15.057Z
sensor.seedlings_moisture,1.225609616389655,2025-05-20T21:14:15.055Z
sensor.seedlings_moisture,1.1820226030459104,2025-05-20T21:15:15.064Z
sensor.seedlings_moisture,1.1785815974218967,2025-05-20T21:16:15.051Z
sensor.seedlings_moisture,1.1671597550131696,2025-05-20T21:17:15.051Z
sensor.seedlings_moisture,1.218453413130955,2025-05-20T21:18:15.049Z
sensor.seedlings_moisture,1.197604279348268,2025-05-20T21:19:15.049Z
sensor.seedlings_moisture,1.1879540800881532,2025-05-20T21:20:15.046Z
sensor.seedlings_moisture,1.173047305529613,2025-05-20T21:21:15.045Z
sensor.seedlings_moisture,1.1709655633134968,2025-05-20T21:22:15.043Z
sensor.seedlings_moisture,1.192120166157665,2025-05-20T21:23:15.042Z
sensor.seedlings_moisture,1.1521028680875864,2025-05-20T21:24:15.041Z
sensor.seedlings_moisture,1.1767430826632408,2025-05-20T21:25:15.094Z
sensor.seedlings_moisture,1.1723205617944408,2025-05-20T21:26:15.038Z
sensor.seedlings_moisture,1.3181523363630518,2025-05-20T21:27:15.047Z
sensor.seedlings_moisture,1.176885725043026,2025-05-20T21:28:15.040Z
sensor.seedlings_moisture,1.1954505171801153,2025-05-20T21:29:15.037Z
sensor.seedlings_moisture,1.2318350808486667,2025-05-20T21:30:15.031Z
sensor.seedlings_moisture,1.2026355038032963,2025-05-20T21:31:15.030Z
sensor.seedlings_moisture,1.1924677261562326,2025-05-20T21:32:15.033Z
sensor.seedlings_moisture,1.228000617789808,2025-05-20T21:33:15.027Z
sensor.seedlings_moisture,1.3060248042266351,2025-05-20T21:34:15.025Z
sensor.seedlings_moisture,1.2131323319000986,2025-05-20T21:35:15.025Z
sensor.seedlings_moisture,1.1942928672223883,2025-05-20T21:36:15.023Z
sensor.seedlings_moisture,1.23908130165321,2025-05-20T21:37:15.021Z
sensor.seedlings_moisture,1.2354222901926208,2025-05-20T21:38:15.021Z
sensor.seedlings_moisture,1.2465522618681708,2025-05-20T21:39:15.023Z
sensor.seedlings_moisture,1.222257787776024,2025-05-20T21:40:15.017Z
sensor.seedlings_moisture,1.2862094195838318,2025-05-20T21:41:15.015Z
sensor.seedlings_moisture,1.3762839034727232,2025-05-20T21:42:15.014Z
sensor.seedlings_moisture,1.2638483751015663,2025-05-20T21:43:15.014Z
sensor.seedlings_moisture,1.2695943809981767,2025-05-20T21:44:15.010Z
sensor.seedlings_moisture,1.263334169354021,2025-05-20T21:45:15.014Z
sensor.seedlings_moisture,1.3216558317552978,2025-05-20T21:46:15.008Z
sensor.seedlings_moisture,1.276685167322629,2025-05-20T21:47:15.007Z
sensor.seedlings_moisture,1.3084904172462997,2025-05-20T21:48:15.005Z
sensor.seedlings_moisture,1.2896204826264963,2025-05-20T21:49:15.004Z
sensor.seedlings_moisture,1.2903567103393916,2025-05-20T21:50:15.006Z
sensor.seedlings_moisture,1.2932234563509268,2025-05-20T21:51:15.003Z
sensor.seedlings_moisture,1.294783564466062,2025-05-20T21:52:15.002Z
sensor.seedlings_moisture,1.310532974478626,2025-05-20T21:53:14.998Z
sensor.seedlings_moisture,1.2827801658566877,2025-05-20T21:54:14.999Z
sensor.seedlings_moisture,1.2659688968633183,2025-05-20T21:55:14.995Z
sensor.seedlings_moisture,1.2446994174791695,2025-05-20T21:56:14.994Z
sensor.seedlings_moisture,1.2446294488672516,2025-05-20T21:57:14.998Z
sensor.seedlings_moisture,1.2376707283203054,2025-05-20T21:58:14.991Z
sensor.seedlings_moisture,1.2548780102590587,2025-05-20T21:59:14.987Z
sensor.seedlings_moisture,1.220739681451949,2025-05-20T22:00:14.987Z
sensor.seedlings_moisture,1.2755338622216208,2025-05-20T22:01:14.986Z
sensor.seedlings_moisture,1.2787673083488493,2025-05-20T22:02:14.985Z
sensor.seedlings_moisture,1.229612430952799,2025-05-20T22:03:15.001Z
sensor.seedlings_moisture,1.2089234663656139,2025-05-20T22:04:14.982Z
sensor.seedlings_moisture,1.2358570670859867,2025-05-20T22:05:14.980Z
sensor.seedlings_moisture,1.2232840628473365,2025-05-20T22:06:14.981Z
sensor.seedlings_moisture,1.2226778336710273,2025-05-20T22:07:14.977Z
sensor.seedlings_moisture,1.2098164652541907,2025-05-20T22:08:14.976Z
sensor.seedlings_moisture,1.2019417876405258,2025-05-20T22:09:14.976Z
sensor.seedlings_moisture,1.2275040979809044,2025-05-20T22:10:14.975Z
sensor.seedlings_moisture,1.2244502121418037,2025-05-20T22:11:14.971Z
sensor.seedlings_moisture,1.1965174449636733,2025-05-20T22:12:14.970Z
sensor.seedlings_moisture,1.19378644382812,2025-05-20T22:13:14.966Z
sensor.seedlings_moisture,1.2088417596773042,2025-05-20T22:14:14.968Z
sensor.seedlings_moisture,1.192492067191016,2025-05-20T22:15:14.965Z
sensor.seedlings_moisture,1.2340828356790077,2025-05-20T22:16:14.964Z
sensor.seedlings_moisture,1.1808744999939238,2025-05-20T22:17:14.962Z
sensor.seedlings_moisture,1.2817214386950104,2025-05-20T22:18:14.961Z
sensor.seedlings_moisture,1.227099921513802,2025-05-20T22:19:14.960Z
sensor.seedlings_moisture,1.2213107823674558,2025-05-20T22:20:14.970Z
sensor.seedlings_moisture,1.1797286830391094,2025-05-20T22:21:14.967Z
sensor.seedlings_moisture,1.2181643492530414,2025-05-20T22:22:14.965Z
sensor.seedlings_moisture,1.2663093110887944,2025-05-20T22:23:14.956Z
sensor.seedlings_moisture,1.1868927075308848,2025-05-20T22:24:14.952Z
sensor.seedlings_moisture,1.2115435846731604,2025-05-20T22:25:14.963Z
sensor.seedlings_moisture,1.195671178817754,2025-05-20T22:26:14.956Z
sensor.seedlings_moisture,1.1606609218791215,2025-05-20T22:27:14.948Z
sensor.seedlings_moisture,1.1930048914905536,2025-05-20T22:28:14.965Z
sensor.seedlings_moisture,1.1945126826514567,2025-05-20T22:29:14.945Z
sensor.seedlings_moisture,1.1987514505258416,2025-05-20T22:30:14.943Z
sensor.seedlings_moisture,1.175820645829453,2025-05-20T22:31:14.942Z
sensor.seedlings_moisture,1.1765783912238241,2025-05-20T22:32:14.940Z
sensor.seedlings_moisture,1.2099498032496339,2025-05-20T22:33:14.940Z
sensor.seedlings_moisture,1.181268030910446,2025-05-20T22:34:14.937Z
sensor.seedlings_moisture,1.2198407438350631,2025-05-20T22:35:14.936Z
sensor.seedlings_moisture,1.1787832263140736,2025-05-20T22:36:14.942Z
sensor.seedlings_moisture,1.176792760372257,2025-05-20T22:37:14.933Z
sensor.seedlings_moisture,1.2100389666004392,2025-05-20T22:38:14.941Z
sensor.seedlings_moisture,1.2525210349489615,2025-05-20T22:39:14.930Z
sensor.seedlings_moisture,1.20959146463453,2025-05-20T22:40:14.931Z
sensor.seedlings_moisture,1.2124310134799705,2025-05-20T22:41:14.928Z
sensor.seedlings_moisture,1.2360624501025061,2025-05-20T22:42:14.933Z
sensor.seedlings_moisture,1.1882230810350318,2025-05-20T22:43:14.931Z
sensor.seedlings_moisture,1.178874826902148,2025-05-20T22:44:14.923Z
sensor.seedlings_moisture,1.2079166654684106,2025-05-20T22:45:14.924Z
sensor.seedlings_moisture,1.2126470696578175,2025-05-20T22:46:14.931Z
sensor.seedlings_moisture,1.2051966593252894,2025-05-20T22:47:14.925Z
sensor.seedlings_moisture,1.193884728095513,2025-05-20T22:48:14.927Z
sensor.seedlings_moisture,1.1931032008453857,2025-05-20T22:49:14.915Z
sensor.seedlings_moisture,1.2143189118736732,2025-05-20T22:50:14.924Z
sensor.seedlings_moisture,1.1943657502920713,2025-05-20T22:51:14.932Z
sensor.seedlings_moisture,1.20040017203258,2025-05-20T22:52:14.931Z
sensor.seedlings_moisture,1.18179500226445,2025-05-20T22:53:14.910Z
sensor.seedlings_moisture,1.2446154948826171,2025-05-20T22:54:14.915Z
sensor.seedlings_moisture,1.1900633618650276,2025-05-20T22:55:14.911Z
sensor.seedlings_moisture,1.182753296896709,2025-05-20T22:56:14.904Z
sensor.seedlings_moisture,1.167245296135612,2025-05-20T22:57:14.903Z
sensor.seedlings_moisture,1.1924304500369738,2025-05-20T22:58:14.902Z
sensor.seedlings_moisture,1.19491428371699,2025-05-20T22:59:14.901Z
sensor.seedlings_moisture,1.2515894694190635,2025-05-20T23:00:14.903Z
sensor.seedlings_moisture,1.1827806784066222,2025-05-20T23:01:14.898Z
sensor.seedlings_moisture,1.198749549536652,2025-05-20T23:02:14.901Z
sensor.seedlings_moisture,1.1830971651117008,2025-05-20T23:03:14.904Z
sensor.seedlings_moisture,1.1795345219186375,2025-05-20T23:04:14.903Z
sensor.seedlings_moisture,1.1963387412760218,2025-05-20T23:05:14.891Z
sensor.seedlings_moisture,1.2468549424873165,2025-05-20T23:06:14.906Z
sensor.seedlings_moisture,1.2093217345432228,2025-05-20T23:07:14.888Z
sensor.seedlings_moisture,1.1548743167301714,2025-05-20T23:08:14.886Z
sensor.seedlings_moisture,1.1722655517342915,2025-05-20T23:09:14.885Z
sensor.seedlings_moisture,1.1786237134717523,2025-05-20T23:10:14.887Z
sensor.seedlings_moisture,1.1704054643012094,2025-05-20T23:11:14.884Z
sensor.seedlings_moisture,1.1929279112878346,2025-05-20T23:12:14.881Z
sensor.seedlings_moisture,1.1976043840064763,2025-05-20T23:13:14.880Z
sensor.seedlings_moisture,1.1805617719196757,2025-05-20T23:14:14.876Z
sensor.seedlings_moisture,1.1849398839761185,2025-05-20T23:15:14.877Z
sensor.seedlings_moisture,1.14177757414458,2025-05-20T23:16:14.875Z
sensor.seedlings_moisture,1.1921837893167457,2025-05-20T23:17:14.873Z
sensor.seedlings_moisture,1.163944291188586,2025-05-20T23:18:14.874Z
sensor.seedlings_moisture,1.1949694341930346,2025-05-20T23:19:14.870Z
sensor.seedlings_moisture,1.1948579956062138,2025-05-20T23:20:14.869Z
sensor.seedlings_moisture,1.1936836059651323,2025-05-20T23:21:14.868Z
sensor.seedlings_moisture,1.2055928569034962,2025-05-20T23:22:14.867Z
sensor.seedlings_moisture,1.1826515590983542,2025-05-20T23:23:14.865Z
sensor.seedlings_moisture,1.1773996622428478,2025-05-20T23:24:14.864Z
sensor.seedlings_moisture,1.196389499782448,2025-05-20T23:25:14.865Z
sensor.seedlings_moisture,1.1621902231312748,2025-05-20T23:26:14.861Z
sensor.seedlings_moisture,1.2000269329096493,2025-05-20T23:27:14.860Z
sensor.seedlings_moisture,1.1797840000759743,2025-05-20T23:28:14.858Z
sensor.seedlings_moisture,1.1725670501780276,2025-05-20T23:29:14.857Z
sensor.seedlings_moisture,1.2124918001273104,2025-05-20T23:30:14.857Z
sensor.seedlings_moisture,1.1897696678195793,2025-05-20T23:31:14.854Z
sensor.seedlings_moisture,1.1788571968542723,2025-05-20T23:32:14.853Z
sensor.seedlings_moisture,1.1960107947229268,2025-05-20T23:33:14.851Z
sensor.seedlings_moisture,1.164968294305794,2025-05-20T23:34:14.850Z
sensor.seedlings_moisture,1.1741602024213742,2025-05-20T23:35:14.848Z
sensor.seedlings_moisture,1.1785885672078549,2025-05-20T23:36:14.847Z
sensor.seedlings_moisture,1.2391125183346152,2025-05-20T23:37:14.846Z
sensor.seedlings_moisture,1.1876051245224362,2025-05-20T23:38:14.844Z
sensor.seedlings_moisture,1.1744465907008106,2025-05-20T23:39:14.842Z
sensor.seedlings_moisture,1.182790958558546,2025-05-20T23:40:14.844Z
sensor.seedlings_moisture,1.204955109074204,2025-05-20T23:41:14.839Z
sensor.seedlings_moisture,1.1771485197258187,2025-05-20T23:42:14.838Z
sensor.seedlings_moisture,1.204935978319501,2025-05-20T23:43:14.837Z
sensor.seedlings_moisture,1.1790713313391856,2025-05-20T23:44:14.835Z
sensor.seedlings_moisture,1.2105339932346864,2025-05-20T23:45:14.834Z
sensor.seedlings_moisture,1.1726207989311264,2025-05-20T23:46:14.832Z
sensor.seedlings_moisture,1.1803315294806922,2025-05-20T23:47:14.831Z
sensor.seedlings_moisture,1.2018461643979337,2025-05-20T23:48:14.836Z
sensor.seedlings_moisture,1.2074341958749732,2025-05-20T23:49:14.829Z
sensor.seedlings_moisture,1.1984887739818635,2025-05-20T23:50:14.827Z
sensor.seedlings_moisture,1.1636195449290418,2025-05-20T23:51:14.825Z
sensor.seedlings_moisture,1.191847053782751,2025-05-20T23:52:14.824Z
sensor.seedlings_moisture,1.1797762925185362,2025-05-20T23:53:14.824Z
sensor.seedlings_moisture,1.230076271765352,2025-05-20T23:54:14.820Z
sensor.seedlings_moisture,1.154056782999443,2025-05-20T23:55:14.818Z
sensor.seedlings_moisture,1.1538159538702237,2025-05-20T23:56:14.816Z
sensor.seedlings_moisture,1.197903259565628,2025-05-20T23:57:14.815Z
sensor.seedlings_moisture,1.1731795396978222,2025-05-20T23:58:14.813Z
sensor.seedlings_moisture,1.1791856115235866,2025-05-20T23:59:14.811Z
sensor.seedlings_moisture,1.193327213515372,2025-05-21T00:00:14.810Z
sensor.seedlings_moisture,1.1839432337418125,2025-05-21T00:01:14.809Z
sensor.seedlings_moisture,1.1904533838590428,2025-05-21T00:02:14.806Z
sensor.seedlings_moisture,1.17861123315793,2025-05-21T00:03:14.806Z
sensor.seedlings_moisture,1.192426708291236,2025-05-21T00:04:14.803Z
sensor.seedlings_moisture,1.1979678562749585,2025-05-21T00:05:14.802Z
sensor.seedlings_moisture,1.166075169180505,2025-05-21T00:06:14.800Z
sensor.seedlings_moisture,1.196424284874511,2025-05-21T00:07:14.799Z
sensor.seedlings_moisture,1.2018438912232765,2025-05-21T00:08:14.796Z
sensor.seedlings_moisture,1.187813990041317,2025-05-21T00:09:14.800Z
sensor.seedlings_moisture,1.2913743829434003,2025-05-21T00:10:14.794Z
sensor.seedlings_moisture,1.174540651643387,2025-05-21T00:11:14.792Z
sensor.seedlings_moisture,1.2162200216587653,2025-05-21T00:12:14.791Z
sensor.seedlings_moisture,1.1708962036579287,2025-05-21T00:13:14.789Z
sensor.seedlings_moisture,1.1688916548493506,2025-05-21T00:14:14.788Z
sensor.seedlings_moisture,1.1404297842501891,2025-05-21T00:15:14.786Z
sensor.seedlings_moisture,1.1763530537147504,2025-05-21T00:16:14.785Z
sensor.seedlings_moisture,1.180607014909786,2025-05-21T00:17:14.783Z
sensor.seedlings_moisture,1.178216061325345,2025-05-21T00:18:14.782Z
sensor.seedlings_moisture,1.2078684173435121,2025-05-21T00:19:14.786Z
sensor.seedlings_moisture,1.2003119251091505,2025-05-21T00:20:14.779Z
sensor.seedlings_moisture,1.1632478055932576,2025-05-21T00:21:14.780Z
sensor.seedlings_moisture,1.2018658037266765,2025-05-21T00:22:14.776Z
sensor.seedlings_moisture,1.1858815832644523,2025-05-21T00:23:14.776Z
sensor.seedlings_moisture,1.2016907994088766,2025-05-21T00:24:14.773Z
sensor.seedlings_moisture,1.2090892061491856,2025-05-21T00:25:14.772Z
sensor.seedlings_moisture,1.1958280081038133,2025-05-21T00:26:14.771Z
sensor.seedlings_moisture,1.1818959733898442,2025-05-21T00:27:14.768Z
sensor.seedlings_moisture,1.2431716830683142,2025-05-21T00:28:14.767Z
sensor.seedlings_moisture,1.1827600996780294,2025-05-21T00:29:14.766Z
sensor.seedlings_moisture,1.1434936663176423,2025-05-21T00:30:14.764Z
sensor.seedlings_moisture,1.1689317703384978,2025-05-21T00:31:14.767Z
sensor.seedlings_moisture,1.1592310771781906,2025-05-21T00:32:14.761Z
sensor.seedlings_moisture,1.1733957464646918,2025-05-21T00:33:14.760Z
sensor.seedlings_moisture,1.1556240188166407,2025-05-21T00:34:14.767Z
sensor.seedlings_moisture,1.2202913880332436,2025-05-21T00:35:14.757Z
sensor.seedlings_moisture,1.1493942533795443,2025-05-21T00:36:14.756Z
sensor.seedlings_moisture,1.1466936553715381,2025-05-21T00:37:14.756Z
sensor.seedlings_moisture,1.15200375172942,2025-05-21T00:38:14.753Z
sensor.seedlings_moisture,1.1766855066598416,2025-05-21T00:39:14.751Z
sensor.seedlings_moisture,1.1646008132052146,2025-05-21T00:40:14.750Z
sensor.seedlings_moisture,1.1707427988238233,2025-05-21T00:41:14.748Z
sensor.seedlings_moisture,1.2014945969252413,2025-05-21T00:42:14.747Z
sensor.seedlings_moisture,1.1538639460642743,2025-05-21T00:43:14.745Z
sensor.seedlings_moisture,1.1886750546613822,2025-05-21T00:44:14.744Z
sensor.seedlings_moisture,1.176195217230317,2025-05-21T00:45:14.743Z
sensor.seedlings_moisture,1.2283419929683117,2025-05-21T00:46:14.741Z
sensor.seedlings_moisture,1.1414648572019326,2025-05-21T00:47:14.740Z
sensor.seedlings_moisture,1.190410376607846,2025-05-21T00:48:14.739Z
sensor.seedlings_moisture,1.1707579981971319,2025-05-21T00:49:14.737Z
sensor.seedlings_moisture,1.21755804409828,2025-05-21T00:50:14.735Z
sensor.seedlings_moisture,1.2074202954107016,2025-05-21T00:51:14.734Z
sensor.seedlings_moisture,1.1536927808425474,2025-05-21T00:52:14.732Z
sensor.seedlings_moisture,1.1818798565124404,2025-05-21T00:53:14.736Z
sensor.seedlings_moisture,1.2066875812377889,2025-05-21T00:54:14.729Z
sensor.seedlings_moisture,1.17486996433049,2025-05-21T00:55:14.730Z
sensor.seedlings_moisture,1.1875094832959325,2025-05-21T00:56:14.726Z
sensor.seedlings_moisture,1.2102976274630424,2025-05-21T00:57:14.725Z
sensor.seedlings_moisture,1.1816663704696755,2025-05-21T00:58:14.723Z
sensor.seedlings_moisture,1.168663143690564,2025-05-21T00:59:14.722Z
sensor.seedlings_moisture,1.1955065049349376,2025-05-21T01:00:14.721Z
sensor.seedlings_moisture,1.2061903613821243,2025-05-21T01:01:14.719Z
sensor.seedlings_moisture,1.1834063432382091,2025-05-21T01:02:14.717Z
sensor.seedlings_moisture,1.1670722332808694,2025-05-21T01:03:14.716Z
sensor.seedlings_moisture,1.1734906408282726,2025-05-21T01:04:14.716Z
sensor.seedlings_moisture,1.1745703787415833,2025-05-21T01:05:14.713Z
sensor.seedlings_moisture,1.1389935452028537,2025-05-21T01:06:14.713Z
sensor.seedlings_moisture,1.174163813958125,2025-05-21T01:07:14.710Z
sensor.seedlings_moisture,1.176425831262079,2025-05-21T01:08:14.709Z
sensor.seedlings_moisture,1.1495882233079542,2025-05-21T01:09:14.707Z
sensor.seedlings_moisture,1.1588256048806296,2025-05-21T01:10:14.706Z
sensor.seedlings_moisture,1.2262788749146654,2025-05-21T01:11:14.704Z
sensor.seedlings_moisture,1.239021002391207,2025-05-21T01:12:14.704Z
sensor.seedlings_moisture,1.156616624590383,2025-05-21T01:13:14.701Z
sensor.seedlings_moisture,1.1654553395092486,2025-05-21T01:14:14.700Z
sensor.seedlings_moisture,1.2470627592909,2025-05-21T01:15:14.700Z
sensor.seedlings_moisture,1.1760694676499819,2025-05-21T01:16:14.699Z
sensor.seedlings_moisture,1.1925625244180957,2025-05-21T01:17:14.695Z
sensor.seedlings_moisture,1.1540525741573089,2025-05-21T01:18:14.694Z
sensor.seedlings_moisture,1.1570427489783506,2025-05-21T01:19:14.695Z
sensor.seedlings_moisture,1.15312493461869,2025-05-21T01:20:14.691Z
sensor.seedlings_moisture,1.2976304233880125,2025-05-21T01:21:14.691Z
sensor.seedlings_moisture,1.1985682807572273,2025-05-21T01:22:14.688Z
sensor.seedlings_moisture,1.2194157246663229,2025-05-21T01:23:14.687Z
sensor.seedlings_moisture,1.1555186658115622,2025-05-21T01:24:14.685Z
sensor.seedlings_moisture,1.1709852087989387,2025-05-21T01:25:14.684Z
sensor.seedlings_moisture,1.1717935415118956,2025-05-21T01:26:14.682Z
sensor.seedlings_moisture,1.1807462112784455,2025-05-21T01:27:14.680Z
sensor.seedlings_moisture,1.169373764123431,2025-05-21T01:28:14.679Z
sensor.seedlings_moisture,1.2236544509568086,2025-05-21T01:29:14.677Z
sensor.seedlings_moisture,1.1272895499734867,2025-05-21T01:30:14.676Z
sensor.seedlings_moisture,1.1792629664071026,2025-05-21T01:31:14.674Z
sensor.seedlings_moisture,1.1706378690840389,2025-05-21T01:32:14.673Z
sensor.seedlings_moisture,1.1590616056340997,2025-05-21T01:33:14.671Z
sensor.seedlings_moisture,1.178548476293711,2025-05-21T01:34:14.670Z
sensor.seedlings_moisture,1.1755417609484027,2025-05-21T01:35:14.668Z
sensor.seedlings_moisture,1.1762701823082558,2025-05-21T01:36:14.667Z
sensor.seedlings_moisture,1.2558303250428346,2025-05-21T01:37:14.665Z
sensor.seedlings_moisture,1.1715258939603337,2025-05-21T01:38:14.664Z
sensor.seedlings_moisture,1.1847831346445352,2025-05-21T01:39:14.663Z
sensor.seedlings_moisture,1.1706365437595556,2025-05-21T01:40:14.661Z
sensor.seedlings_moisture,1.1636486073411274,2025-05-21T01:41:14.659Z
sensor.seedlings_moisture,1.142775058294451,2025-05-21T01:42:14.658Z
sensor.seedlings_moisture,1.1300252069851768,2025-05-21T01:43:14.661Z
sensor.seedlings_moisture,1.1290093566343549,2025-05-21T01:44:14.654Z
sensor.seedlings_moisture,1.1535407269351516,2025-05-21T01:45:14.653Z
sensor.seedlings_moisture,1.1693364634071322,2025-05-21T01:46:14.651Z
sensor.seedlings_moisture,1.221025512346384,2025-05-21T01:47:14.650Z
sensor.seedlings_moisture,1.1619317173760235,2025-05-21T01:48:14.649Z
sensor.seedlings_moisture,1.215827127284785,2025-05-21T01:49:14.647Z
sensor.seedlings_moisture,1.1592834647052546,2025-05-21T01:50:14.645Z
sensor.seedlings_moisture,1.1745492568160976,2025-05-21T01:51:14.644Z
sensor.seedlings_moisture,1.166621656750309,2025-05-21T01:52:14.642Z
sensor.seedlings_moisture,1.152941033634414,2025-05-21T01:53:14.641Z
sensor.seedlings_moisture,1.1689710373329671,2025-05-21T01:54:14.639Z
sensor.seedlings_moisture,1.1453104899571038,2025-05-21T01:55:14.638Z
sensor.seedlings_moisture,1.189034138564414,2025-05-21T01:56:14.638Z
sensor.seedlings_moisture,1.1683427941444076,2025-05-21T01:57:14.635Z
sensor.seedlings_moisture,1.1620788678951355,2025-05-21T01:58:14.633Z
sensor.seedlings_moisture,1.1863205801635406,2025-05-21T01:59:14.633Z
sensor.seedlings_moisture,1.1311338107280546,2025-05-21T02:00:14.636Z
sensor.seedlings_moisture,1.1548750097350793,2025-05-21T02:01:14.631Z
sensor.seedlings_moisture,1.1564528624853083,2025-05-21T02:02:14.627Z
sensor.seedlings_moisture,1.1483219800602957,2025-05-21T02:03:14.625Z
sensor.seedlings_moisture,1.1418002511751426,2025-05-21T02:04:14.624Z
sensor.seedlings_moisture,1.152823831231789,2025-05-21T02:05:14.623Z
sensor.seedlings_moisture,1.1490984928616428,2025-05-21T02:06:14.621Z
sensor.seedlings_moisture,1.134352658591931,2025-05-21T02:07:14.620Z
sensor.seedlings_moisture,1.1132499495668844,2025-05-21T02:08:14.619Z
sensor.seedlings_moisture,1.13911843911051,2025-05-21T02:09:14.617Z
sensor.seedlings_moisture,1.1297102633078315,2025-05-21T02:10:14.616Z
sensor.seedlings_moisture,1.1691927309642371,2025-05-21T02:11:14.615Z
sensor.seedlings_moisture,1.116815854513014,2025-05-21T02:12:14.613Z
sensor.seedlings_moisture,1.136720944830255,2025-05-21T02:13:14.611Z
sensor.seedlings_moisture,1.157036237858057,2025-05-21T02:14:14.610Z
sensor.seedlings_moisture,1.21842558184816,2025-05-21T02:15:14.610Z
sensor.seedlings_moisture,1.1255400344179145,2025-05-21T02:16:14.607Z
sensor.seedlings_moisture,1.1552034817576446,2025-05-21T02:17:14.605Z
sensor.seedlings_moisture,1.1743163572741586,2025-05-21T02:18:14.609Z
sensor.seedlings_moisture,1.148247816701335,2025-05-21T02:19:14.602Z
sensor.seedlings_moisture,1.1640033229902034,2025-05-21T02:20:14.601Z
sensor.seedlings_moisture,1.1516941535643987,2025-05-21T02:21:14.600Z
sensor.seedlings_moisture,1.1368509319086748,2025-05-21T02:22:14.602Z
sensor.seedlings_moisture,1.1650758832800616,2025-05-21T02:23:14.597Z
sensor.seedlings_moisture,1.1101941973411442,2025-05-21T02:24:14.595Z
sensor.seedlings_moisture,1.1632215854645287,2025-05-21T02:25:14.593Z
sensor.seedlings_moisture,1.1612674551841742,2025-05-21T02:26:14.594Z
sensor.seedlings_moisture,1.1393288865697913,2025-05-21T02:27:14.591Z
sensor.seedlings_moisture,1.22531713347762,2025-05-21T02:28:14.589Z
sensor.seedlings_moisture,1.1303785964819013,2025-05-21T02:29:14.589Z
sensor.seedlings_moisture,1.1492148564519886,2025-05-21T02:30:14.586Z
sensor.seedlings_moisture,1.14895418626652,2025-05-21T02:31:14.584Z
sensor.seedlings_moisture,1.1992014528594253,2025-05-21T02:32:14.591Z
sensor.seedlings_moisture,1.1486339485274826,2025-05-21T02:33:14.582Z
sensor.seedlings_moisture,1.1414883639480105,2025-05-21T02:34:14.581Z
sensor.seedlings_moisture,1.1864520548667596,2025-05-21T02:35:14.578Z
sensor.seedlings_moisture,1.158126789521518,2025-05-21T02:36:14.586Z
sensor.seedlings_moisture,1.1452930433150996,2025-05-21T02:37:14.575Z
sensor.seedlings_moisture,1.1632490763860626,2025-05-21T02:38:14.574Z
sensor.seedlings_moisture,1.1792325296220136,2025-05-21T02:39:14.572Z
sensor.seedlings_moisture,1.1825516474980038,2025-05-21T02:40:14.571Z
sensor.seedlings_moisture,1.22644656609361,2025-05-21T02:41:14.569Z
sensor.seedlings_moisture,1.142310167111746,2025-05-21T02:42:14.570Z
sensor.seedlings_moisture,1.1506065325463914,2025-05-21T02:43:14.568Z
sensor.seedlings_moisture,1.12735020257308,2025-05-21T02:44:14.565Z
sensor.seedlings_moisture,1.1598961837050128,2025-05-21T02:45:14.563Z
sensor.seedlings_moisture,1.1734468088389542,2025-05-21T02:46:14.565Z
sensor.seedlings_moisture,1.1632263218397023,2025-05-21T02:47:14.561Z
sensor.seedlings_moisture,1.1076103962098534,2025-05-21T02:48:14.561Z
sensor.seedlings_moisture,1.272552965459143,2025-05-21T02:49:14.557Z
sensor.seedlings_moisture,1.1528017434474696,2025-05-21T02:50:14.556Z
sensor.seedlings_moisture,1.146728186986705,2025-05-21T02:51:14.554Z
sensor.seedlings_moisture,1.141253637767689,2025-05-21T02:52:14.553Z
sensor.seedlings_moisture,1.17083156028668,2025-05-21T02:53:14.553Z
sensor.seedlings_moisture,1.1336456508374324,2025-05-21T02:54:14.552Z
sensor.seedlings_moisture,1.1629818815506114,2025-05-21T02:55:14.548Z
sensor.seedlings_moisture,1.1627505505237528,2025-05-21T02:56:14.547Z
sensor.seedlings_moisture,1.1436326293849606,2025-05-21T02:57:14.558Z
sensor.seedlings_moisture,1.16704782653261,2025-05-21T02:58:14.545Z
sensor.seedlings_moisture,1.1473159201772032,2025-05-21T02:59:14.551Z
sensor.seedlings_moisture,1.1502081996006155,2025-05-21T03:00:14.541Z
sensor.seedlings_moisture,1.164241835619624,2025-05-21T03:01:14.542Z
sensor.seedlings_moisture,1.2042006977557491,2025-05-21T03:02:14.538Z
sensor.seedlings_moisture,1.1644059212336932,2025-05-21T03:03:14.536Z
sensor.seedlings_moisture,1.1404957371927307,2025-05-21T03:04:14.535Z
sensor.seedlings_moisture,1.1796041199926974,2025-05-21T03:05:14.533Z
sensor.seedlings_moisture,1.1617372499148089,2025-05-21T03:06:14.532Z
sensor.seedlings_moisture,1.14213337738328,2025-05-21T03:07:14.532Z
sensor.seedlings_moisture,1.116874779806467,2025-05-21T03:08:14.529Z
sensor.seedlings_moisture,1.1848478309381514,2025-05-21T03:09:14.528Z
sensor.seedlings_moisture,1.17087829054563,2025-05-21T03:10:14.527Z
sensor.seedlings_moisture,1.1395904661506453,2025-05-21T03:11:14.530Z
sensor.seedlings_moisture,1.2726653727484436,2025-05-21T03:12:14.523Z
sensor.seedlings_moisture,1.1483768816186992,2025-05-21T03:13:14.521Z
sensor.seedlings_moisture,1.1099674347098456,2025-05-21T03:14:14.520Z
sensor.seedlings_moisture,1.1429305327086432,2025-05-21T03:15:14.518Z
sensor.seedlings_moisture,1.152061969423638,2025-05-21T03:16:14.525Z
sensor.seedlings_moisture,1.1600912866345905,2025-05-21T03:17:14.519Z
sensor.seedlings_moisture,1.1480609162190538,2025-05-21T03:18:14.514Z
sensor.seedlings_moisture,1.1388968454181914,2025-05-21T03:19:14.515Z
sensor.seedlings_moisture,1.1132783882124329,2025-05-21T03:20:14.515Z
sensor.seedlings_moisture,1.2223932684154448,2025-05-21T03:21:14.510Z
sensor.seedlings_moisture,1.1894436599913951,2025-05-21T03:22:14.508Z
sensor.seedlings_moisture,1.1241228496051716,2025-05-21T03:23:14.513Z
sensor.seedlings_moisture,1.1459451863657493,2025-05-21T03:24:14.509Z
sensor.seedlings_moisture,1.13124188967086,2025-05-21T03:25:14.503Z
sensor.seedlings_moisture,1.1441013169354448,2025-05-21T03:26:14.501Z
sensor.seedlings_moisture,1.139402107020381,2025-05-21T03:27:14.500Z
sensor.seedlings_moisture,1.1751999733793184,2025-05-21T03:28:14.498Z
sensor.seedlings_moisture,1.1581523955569426,2025-05-21T03:29:14.501Z
sensor.seedlings_moisture,1.1751553144906368,2025-05-21T03:30:14.494Z
sensor.seedlings_moisture,1.154647155268676,2025-05-21T03:31:14.496Z
sensor.seedlings_moisture,1.156546694175304,2025-05-21T03:32:14.492Z
sensor.seedlings_moisture,1.2111183695702379,2025-05-21T03:33:14.492Z
sensor.seedlings_moisture,1.1657629783446508,2025-05-21T03:34:14.491Z
sensor.seedlings_moisture,1.1593981819245196,2025-05-21T03:35:14.487Z
sensor.seedlings_moisture,1.1929723271384305,2025-05-21T03:36:14.488Z
sensor.seedlings_moisture,1.14218935537722,2025-05-21T03:37:14.484Z
sensor.seedlings_moisture,1.1331933384346917,2025-05-21T03:38:14.483Z
sensor.seedlings_moisture,1.163575877817993,2025-05-21T03:39:14.481Z
sensor.seedlings_moisture,1.1265808856862578,2025-05-21T03:40:14.487Z
sensor.seedlings_moisture,1.1500901993120014,2025-05-21T03:41:14.478Z
sensor.seedlings_moisture,1.1379098026148433,2025-05-21T03:42:14.477Z
sensor.seedlings_moisture,1.173674496679301,2025-05-21T03:43:14.475Z
sensor.seedlings_moisture,1.1372165661953988,2025-05-21T03:44:14.481Z
sensor.seedlings_moisture,1.1550672917999958,2025-05-21T03:45:14.474Z
sensor.seedlings_moisture,1.1533560707076989,2025-05-21T03:46:14.479Z
sensor.seedlings_moisture,1.19697654656684,2025-05-21T03:47:14.469Z
sensor.seedlings_moisture,1.1546195097438323,2025-05-21T03:48:14.468Z
sensor.seedlings_moisture,1.1814851665233712,2025-05-21T03:49:14.466Z
sensor.seedlings_moisture,1.157288351456752,2025-05-21T03:50:14.465Z
sensor.seedlings_moisture,1.16586498863286,2025-05-21T03:51:14.463Z
sensor.seedlings_moisture,1.1709050167352384,2025-05-21T03:52:14.462Z
sensor.seedlings_moisture,1.1391720248753476,2025-05-21T03:53:14.461Z
sensor.seedlings_moisture,1.13088559312017,2025-05-21T03:54:14.459Z
sensor.seedlings_moisture,1.1194018054937618,2025-05-21T03:55:14.457Z
sensor.seedlings_moisture,1.1644385700640358,2025-05-21T03:56:14.456Z
sensor.seedlings_moisture,1.1581980670083378,2025-05-21T03:57:14.455Z
sensor.seedlings_moisture,1.1613860004631258,2025-05-21T03:58:14.454Z
sensor.seedlings_moisture,1.1499343588106385,2025-05-21T03:59:14.451Z
sensor.seedlings_moisture,1.1695910630073367,2025-05-21T04:00:14.451Z
sensor.seedlings_moisture,1.1402075551088051,2025-05-21T04:01:14.449Z
sensor.seedlings_moisture,1.1360494216317605,2025-05-21T04:02:14.455Z
sensor.seedlings_moisture,1.1487223799822073,2025-05-21T04:03:14.446Z
sensor.seedlings_moisture,1.1617399140623768,2025-05-21T04:04:14.444Z
sensor.seedlings_moisture,1.1535859880887995,2025-05-21T04:05:14.443Z
sensor.seedlings_moisture,1.1553187733183365,2025-05-21T04:06:14.442Z
sensor.seedlings_moisture,1.145568093662415,2025-05-21T04:07:14.440Z
sensor.seedlings_moisture,1.132378472842557,2025-05-21T04:08:14.442Z
sensor.seedlings_moisture,1.1517770851942692,2025-05-21T04:09:14.441Z
sensor.seedlings_moisture,1.1615720038271193,2025-05-21T04:10:14.440Z
sensor.seedlings_moisture,1.1563961154123805,2025-05-21T04:11:14.434Z
sensor.seedlings_moisture,1.1829283690498134,2025-05-21T04:12:14.437Z
sensor.seedlings_moisture,1.1282096001850452,2025-05-21T04:13:14.438Z
sensor.seedlings_moisture,1.1934644511430204,2025-05-21T04:14:14.432Z
sensor.seedlings_moisture,1.1544989897064566,2025-05-21T04:15:14.428Z
sensor.seedlings_moisture,1.1470627321447662,2025-05-21T04:16:14.429Z
sensor.seedlings_moisture,1.13635618366759,2025-05-21T04:17:14.425Z
sensor.seedlings_moisture,1.1587268352009943,2025-05-21T04:18:14.424Z
sensor.seedlings_moisture,1.1521147677512795,2025-05-21T04:19:14.422Z
sensor.seedlings_moisture,1.1545524513093706,2025-05-21T04:20:14.421Z
sensor.seedlings_moisture,1.144615976968465,2025-05-21T04:21:14.420Z
sensor.seedlings_moisture,1.17113856258163,2025-05-21T04:22:14.418Z
sensor.seedlings_moisture,1.2548279893861394,2025-05-21T04:23:14.416Z
sensor.seedlings_moisture,1.20402913634844,2025-05-21T04:24:14.415Z
sensor.seedlings_moisture,1.1577111253032615,2025-05-21T04:25:14.413Z
sensor.seedlings_moisture,1.209842784022404,2025-05-21T04:26:14.412Z
sensor.seedlings_moisture,1.1385052226310757,2025-05-21T04:27:14.412Z
sensor.seedlings_moisture,1.1395339412685421,2025-05-21T04:28:14.407Z
sensor.seedlings_moisture,1.1529592164002256,2025-05-21T04:29:14.407Z
sensor.seedlings_moisture,1.1611165048179042,2025-05-21T04:30:14.406Z
sensor.seedlings_moisture,1.1472196527543237,2025-05-21T04:31:14.404Z
sensor.seedlings_moisture,1.1413480663266975,2025-05-21T04:32:14.403Z
sensor.seedlings_moisture,1.1604544523610134,2025-05-21T04:33:14.402Z
sensor.seedlings_moisture,1.14114576975936,2025-05-21T04:34:14.400Z
sensor.seedlings_moisture,1.130018760996555,2025-05-21T04:35:14.398Z
sensor.seedlings_moisture,1.1439081964446056,2025-05-21T04:36:14.396Z
sensor.seedlings_moisture,1.1797096993395246,2025-05-21T04:37:14.397Z
sensor.seedlings_moisture,1.1398083994397752,2025-05-21T04:38:14.394Z
sensor.seedlings_moisture,1.1381161691130368,2025-05-21T04:39:14.392Z
sensor.seedlings_moisture,1.1313137469581163,2025-05-21T04:40:14.390Z
sensor.seedlings_moisture,1.138819184464595,2025-05-21T04:41:14.389Z
sensor.seedlings_moisture,1.1312485168471484,2025-05-21T04:42:14.387Z
sensor.seedlings_moisture,1.2206599615550306,2025-05-21T04:43:14.385Z
sensor.seedlings_moisture,1.165843357551108,2025-05-21T04:44:14.386Z
sensor.seedlings_moisture,1.1097263130106205,2025-05-21T04:45:14.383Z
sensor.seedlings_moisture,1.1685338232225437,2025-05-21T04:46:14.381Z
sensor.seedlings_moisture,1.1601313159501823,2025-05-21T04:47:14.380Z
sensor.seedlings_moisture,1.1681344398939824,2025-05-21T04:48:14.378Z
sensor.seedlings_moisture,1.1440799881092032,2025-05-21T04:49:14.377Z
sensor.seedlings_moisture,1.143082798496786,2025-05-21T04:50:14.375Z
sensor.seedlings_moisture,1.173436678995525,2025-05-21T04:51:14.374Z
sensor.seedlings_moisture,1.1357231862955794,2025-05-21T04:52:14.372Z
sensor.seedlings_moisture,1.143866686507166,2025-05-21T04:53:14.371Z
sensor.seedlings_moisture,1.1305707521111203,2025-05-21T04:54:14.369Z
sensor.seedlings_moisture,1.1891157288430847,2025-05-21T04:55:14.368Z
sensor.seedlings_moisture,1.138898469761468,2025-05-21T04:56:14.367Z
sensor.seedlings_moisture,1.12662135477899,2025-05-21T04:57:14.367Z
sensor.seedlings_moisture,1.1488831745063146,2025-05-21T04:58:14.363Z
sensor.seedlings_moisture,1.1235733296382067,2025-05-21T04:59:14.365Z
sensor.seedlings_moisture,1.141438863820186,2025-05-21T05:00:14.360Z
sensor.seedlings_moisture,1.1474170354832327,2025-05-21T05:01:14.359Z
sensor.seedlings_moisture,1.1566749989098222,2025-05-21T05:02:14.357Z
sensor.seedlings_moisture,1.2064196728790584,2025-05-21T05:03:14.355Z
sensor.seedlings_moisture,1.2074635239752483,2025-05-21T05:04:14.356Z
sensor.seedlings_moisture,1.1573774069772313,2025-05-21T05:05:14.352Z
sensor.seedlings_moisture,1.1636622393474336,2025-05-21T05:06:14.351Z
sensor.seedlings_moisture,1.1478703842174605,2025-05-21T05:07:14.352Z
sensor.seedlings_moisture,1.1420036665341857,2025-05-21T05:08:14.348Z
sensor.seedlings_moisture,1.1369807553402875,2025-05-21T05:09:14.353Z
sensor.seedlings_moisture,1.1531018636566688,2025-05-21T05:10:14.345Z
sensor.seedlings_moisture,1.1477067020412086,2025-05-21T05:11:14.349Z
sensor.seedlings_moisture,1.1535833728697704,2025-05-21T05:12:14.344Z
sensor.seedlings_moisture,1.1458848641196153,2025-05-21T05:13:14.354Z
sensor.seedlings_moisture,1.119793306988273,2025-05-21T05:14:14.339Z
sensor.seedlings_moisture,1.1418472461975688,2025-05-21T05:15:14.337Z
sensor.seedlings_moisture,1.1416398316325647,2025-05-21T05:16:14.336Z
sensor.seedlings_moisture,1.1399827943707888,2025-05-21T05:17:14.334Z
sensor.seedlings_moisture,1.1306091560375673,2025-05-21T05:18:14.347Z
sensor.seedlings_moisture,1.1463919037263364,2025-05-21T05:19:14.331Z
sensor.seedlings_moisture,1.1494174350951234,2025-05-21T05:20:14.331Z
sensor.seedlings_moisture,1.1262389589553816,2025-05-21T05:21:14.333Z
sensor.seedlings_moisture,1.1341512027727045,2025-05-21T05:22:14.327Z
sensor.seedlings_moisture,1.1388300981051787,2025-05-21T05:23:14.330Z
sensor.seedlings_moisture,1.12250530953369,2025-05-21T05:24:14.324Z
sensor.seedlings_moisture,1.1614709181925131,2025-05-21T05:25:14.326Z
sensor.seedlings_moisture,1.1643597364589036,2025-05-21T05:26:14.325Z
sensor.seedlings_moisture,1.150029396321065,2025-05-21T05:27:14.319Z
sensor.seedlings_moisture,1.1394087802099317,2025-05-21T05:28:14.317Z
sensor.seedlings_moisture,1.136529823764989,2025-05-21T05:29:14.316Z
sensor.seedlings_moisture,1.128754755473553,2025-05-21T05:30:14.314Z
sensor.seedlings_moisture,1.1310537448583746,2025-05-21T05:31:14.324Z
sensor.seedlings_moisture,1.138471432122194,2025-05-21T05:32:14.315Z
sensor.seedlings_moisture,1.1276003378665052,2025-05-21T05:33:14.315Z
sensor.seedlings_moisture,1.1124565857582818,2025-05-21T05:34:14.309Z
sensor.seedlings_moisture,1.1481453571200333,2025-05-21T05:35:14.309Z
sensor.seedlings_moisture,1.1325914313288,2025-05-21T05:36:14.309Z
sensor.seedlings_moisture,1.1517505344204357,2025-05-21T05:37:14.304Z
sensor.seedlings_moisture,1.1239532881358512,2025-05-21T05:38:14.311Z
sensor.seedlings_moisture,1.1508400551638025,2025-05-21T05:39:14.302Z
sensor.seedlings_moisture,1.1659021915026806,2025-05-21T05:40:14.300Z
sensor.seedlings_moisture,1.1460404084449825,2025-05-21T05:41:14.298Z
sensor.seedlings_moisture,1.15158915509505,2025-05-21T05:42:14.297Z
sensor.seedlings_moisture,1.1390035455302905,2025-05-21T05:43:14.310Z
sensor.seedlings_moisture,1.1400156817145009,2025-05-21T05:44:14.294Z
sensor.seedlings_moisture,1.1420072521711209,2025-05-21T05:45:14.292Z
sensor.seedlings_moisture,1.157594935786542,2025-05-21T05:46:14.291Z
sensor.seedlings_moisture,1.164276636929815,2025-05-21T05:47:14.300Z
sensor.seedlings_moisture,1.1671283892998072,2025-05-21T05:48:14.291Z
sensor.seedlings_moisture,1.2240049313591193,2025-05-21T05:49:14.284Z
sensor.seedlings_moisture,1.1339054498396406,2025-05-21T05:50:14.290Z
sensor.seedlings_moisture,1.1265122975810586,2025-05-21T05:51:14.283Z
sensor.seedlings_moisture,1.142119342095297,2025-05-21T05:52:14.282Z
sensor.seedlings_moisture,1.1466197318216014,2025-05-21T05:53:14.281Z
sensor.seedlings_moisture,1.1306690547548688,2025-05-21T05:54:14.279Z
sensor.seedlings_moisture,1.1232191937801776,2025-05-21T05:55:14.283Z
sensor.seedlings_moisture,1.1304666463347317,2025-05-21T05:56:14.279Z
sensor.seedlings_moisture,1.1430272390510536,2025-05-21T05:57:14.277Z
sensor.seedlings_moisture,1.1301293434320119,2025-05-21T05:58:14.273Z
sensor.seedlings_moisture,1.1326923814227643,2025-05-21T05:59:14.271Z
sensor.seedlings_moisture,1.2623992248292621,2025-05-21T06:00:14.270Z
sensor.seedlings_moisture,1.1250214413356892,2025-05-21T06:01:14.268Z
sensor.seedlings_moisture,1.1705452427184915,2025-05-21T06:02:14.268Z
sensor.seedlings_moisture,1.1442261782034853,2025-05-21T06:03:14.272Z
sensor.seedlings_moisture,1.1206111783109347,2025-05-21T06:04:14.264Z
sensor.seedlings_moisture,1.18541296263667,2025-05-21T06:05:14.262Z
sensor.seedlings_moisture,1.121248198937167,2025-05-21T06:06:14.261Z
sensor.seedlings_moisture,1.1710529630917628,2025-05-21T06:07:14.260Z
sensor.seedlings_moisture,1.1715453493435366,2025-05-21T06:08:14.295Z
sensor.seedlings_moisture,1.1269435522531543,2025-05-21T06:09:14.256Z
sensor.seedlings_moisture,1.1122256275761822,2025-05-21T06:10:14.255Z
sensor.seedlings_moisture,1.1988029795724526,2025-05-21T06:11:14.253Z
sensor.seedlings_moisture,1.1233451912491441,2025-05-21T06:12:14.254Z
sensor.seedlings_moisture,1.128547484185322,2025-05-21T06:13:14.250Z
sensor.seedlings_moisture,1.1270217021440176,2025-05-21T06:14:14.248Z
sensor.seedlings_moisture,1.12034914069183,2025-05-21T06:15:14.247Z
sensor.seedlings_moisture,1.1339539041503408,2025-05-21T06:16:14.245Z
sensor.seedlings_moisture,1.1076442685584076,2025-05-21T06:17:14.243Z
sensor.seedlings_moisture,1.1289455695613093,2025-05-21T06:18:14.242Z
sensor.seedlings_moisture,1.136701661085056,2025-05-21T06:19:14.241Z
sensor.seedlings_moisture,1.124405977423806,2025-05-21T06:20:14.239Z
sensor.seedlings_moisture,1.21484195406364,2025-05-21T06:21:14.237Z
sensor.seedlings_moisture,1.13547577479511,2025-05-21T06:22:14.236Z
sensor.seedlings_moisture,1.23433272499314,2025-05-21T06:23:14.233Z
sensor.seedlings_moisture,1.11967135185648,2025-05-21T06:24:14.232Z
sensor.seedlings_moisture,1.1279424204031019,2025-05-21T06:25:14.240Z
sensor.seedlings_moisture,1.1676601118872996,2025-05-21T06:26:14.230Z
sensor.seedlings_moisture,1.2226075133299463,2025-05-21T06:27:14.228Z
sensor.seedlings_moisture,1.1346598725894252,2025-05-21T06:28:14.230Z
sensor.seedlings_moisture,1.1181919489179555,2025-05-21T06:29:14.225Z
sensor.seedlings_moisture,1.1631645127500223,2025-05-21T06:30:14.223Z
sensor.seedlings_moisture,1.1313187215998415,2025-05-21T06:31:14.222Z
sensor.seedlings_moisture,1.13883526191451,2025-05-21T06:32:14.242Z
sensor.seedlings_moisture,1.1391976611094168,2025-05-21T06:33:14.232Z
sensor.seedlings_moisture,1.122774201800902,2025-05-21T06:34:14.220Z
sensor.seedlings_moisture,1.10489455649175,2025-05-21T06:35:14.215Z
sensor.seedlings_moisture,1.1186308067860407,2025-05-21T06:36:14.217Z
sensor.seedlings_moisture,1.13150040101292,2025-05-21T06:37:14.213Z
sensor.seedlings_moisture,1.1380128430689995,2025-05-21T06:38:14.211Z
sensor.seedlings_moisture,1.1398448460964061,2025-05-21T06:39:14.211Z
sensor.seedlings_moisture,1.1115563467505611,2025-05-21T06:40:14.208Z
sensor.seedlings_moisture,1.146417327299896,2025-05-21T06:41:14.209Z
sensor.seedlings_moisture,1.1284259895580213,2025-05-21T06:42:14.205Z
sensor.seedlings_moisture,1.1295886694556723,2025-05-21T06:43:14.204Z
sensor.seedlings_moisture,1.2344853317102913,2025-05-21T06:44:14.202Z
sensor.seedlings_moisture,1.1278648088416796,2025-05-21T06:45:14.201Z
sensor.seedlings_moisture,1.1312890086858465,2025-05-21T06:46:14.199Z
sensor.seedlings_moisture,1.13864933421857,2025-05-21T06:47:14.198Z
sensor.seedlings_moisture,1.106297438657235,2025-05-21T06:48:14.196Z
sensor.seedlings_moisture,1.2084238690029065,2025-05-21T06:49:14.195Z
sensor.seedlings_moisture,1.1333963580859587,2025-05-21T06:50:14.195Z
sensor.seedlings_moisture,1.1282170323602128,2025-05-21T06:51:14.191Z
sensor.seedlings_moisture,1.1508156226057227,2025-05-21T06:52:14.190Z
sensor.seedlings_moisture,1.14017632426283,2025-05-21T06:53:14.189Z
sensor.seedlings_moisture,1.129828479038891,2025-05-21T06:54:14.190Z
sensor.seedlings_moisture,1.1235907626944326,2025-05-21T06:55:14.186Z
sensor.seedlings_moisture,1.13093297245015,2025-05-21T06:56:14.185Z
sensor.seedlings_moisture,1.1125530589306036,2025-05-21T06:57:14.187Z
sensor.seedlings_moisture,1.1361181396376712,2025-05-21T06:58:14.186Z
sensor.seedlings_moisture,1.133865020099794,2025-05-21T06:59:14.180Z
sensor.seedlings_moisture,1.1266699462032335,2025-05-21T07:00:14.182Z
sensor.seedlings_moisture,1.13558775655575,2025-05-21T07:01:14.177Z
sensor.seedlings_moisture,1.1343256191964306,2025-05-21T07:02:14.175Z
sensor.seedlings_moisture,1.14427454929982,2025-05-21T07:03:14.174Z
sensor.seedlings_moisture,1.1428691599294685,2025-05-21T07:04:14.172Z
sensor.seedlings_moisture,1.1256482150704588,2025-05-21T07:05:14.171Z
sensor.seedlings_moisture,1.1402475867121105,2025-05-21T07:06:14.172Z
sensor.seedlings_moisture,1.155040747373215,2025-05-21T07:07:14.168Z
sensor.seedlings_moisture,1.1339264269440048,2025-05-21T07:08:14.166Z
sensor.seedlings_moisture,1.216633293814396,2025-05-21T07:09:14.175Z
sensor.seedlings_moisture,1.1253880013709932,2025-05-21T07:10:14.209Z
sensor.seedlings_moisture,1.1375430533310904,2025-05-21T07:11:14.162Z
sensor.seedlings_moisture,1.2631899350788696,2025-05-21T07:12:14.160Z
sensor.seedlings_moisture,1.1051038322771392,2025-05-21T07:13:14.169Z
sensor.seedlings_moisture,1.1399396057982036,2025-05-21T07:14:14.161Z
sensor.seedlings_moisture,1.12349329910959,2025-05-21T07:15:14.156Z
sensor.seedlings_moisture,1.1153175821266106,2025-05-21T07:16:14.156Z
sensor.seedlings_moisture,1.1009703206262529,2025-05-21T07:17:14.158Z
sensor.seedlings_moisture,1.133995817618904,2025-05-21T07:18:14.153Z
sensor.seedlings_moisture,1.1361154820266912,2025-05-21T07:19:14.157Z
sensor.seedlings_moisture,1.1210983962879517,2025-05-21T07:20:14.153Z
sensor.seedlings_moisture,1.1418391396895946,2025-05-21T07:21:14.146Z
sensor.seedlings_moisture,1.1945493114729935,2025-05-21T07:22:14.145Z
sensor.seedlings_moisture,1.1675569070630294,2025-05-21T07:23:14.144Z
sensor.seedlings_moisture,1.1334970171107055,2025-05-21T07:24:14.146Z
sensor.seedlings_moisture,1.1983107256982442,2025-05-21T07:25:14.145Z
sensor.seedlings_moisture,1.172454649510667,2025-05-21T07:26:14.141Z
sensor.seedlings_moisture,1.16465153674074,2025-05-21T07:27:14.138Z
sensor.seedlings_moisture,1.1263499440582345,2025-05-21T07:28:14.136Z
sensor.seedlings_moisture,1.202072625713455,2025-05-21T07:29:14.133Z
sensor.seedlings_moisture,1.1868643366403353,2025-05-21T07:30:14.134Z
sensor.seedlings_moisture,1.1252513753681557,2025-05-21T07:31:14.132Z
sensor.seedlings_moisture,1.1087716071600306,2025-05-21T07:32:14.130Z
sensor.seedlings_moisture,1.1595589656441834,2025-05-21T07:33:14.129Z
sensor.seedlings_moisture,1.1519111430696467,2025-05-21T07:34:14.129Z
sensor.seedlings_moisture,1.1342345096081894,2025-05-21T07:35:14.126Z
sensor.seedlings_moisture,1.1363515692970463,2025-05-21T07:36:14.124Z
sensor.seedlings_moisture,1.1368700581577915,2025-05-21T07:37:14.122Z
sensor.seedlings_moisture,1.135448447957224,2025-05-21T07:38:14.121Z
sensor.seedlings_moisture,1.1135958453367407,2025-05-21T07:39:14.122Z
sensor.seedlings_moisture,1.1537634187287122,2025-05-21T07:40:14.118Z
sensor.seedlings_moisture,1.1295560254401127,2025-05-21T07:41:14.116Z
sensor.seedlings_moisture,1.121816543619836,2025-05-21T07:42:14.116Z
sensor.seedlings_moisture,1.123018827125247,2025-05-21T07:43:14.113Z
sensor.seedlings_moisture,1.1387733925474606,2025-05-21T07:44:14.112Z
sensor.seedlings_moisture,1.1293472027740357,2025-05-21T07:45:14.110Z
sensor.seedlings_moisture,1.139509453280281,2025-05-21T07:46:14.109Z
sensor.seedlings_moisture,1.155438476624176,2025-05-21T07:47:14.107Z
sensor.seedlings_moisture,1.1142531879849673,2025-05-21T07:48:14.106Z
sensor.seedlings_moisture,1.1544409663443371,2025-05-21T07:49:14.109Z
sensor.seedlings_moisture,1.1252158744786294,2025-05-21T07:50:14.101Z
sensor.seedlings_moisture,1.1466332739521843,2025-05-21T07:51:14.101Z
sensor.seedlings_moisture,1.137009974442508,2025-05-21T07:52:14.100Z
sensor.seedlings_moisture,1.1518442476734343,2025-05-21T07:53:14.103Z
sensor.seedlings_moisture,1.1382407346925079,2025-05-21T07:54:14.097Z
sensor.seedlings_moisture,1.1458613398209565,2025-05-21T07:55:14.095Z
sensor.seedlings_moisture,1.119072253745105,2025-05-21T07:56:14.094Z
sensor.seedlings_moisture,1.1398738699030406,2025-05-21T07:57:14.096Z
sensor.seedlings_moisture,1.1116050629771392,2025-05-21T07:58:14.091Z
sensor.seedlings_moisture,1.1247605326559853,2025-05-21T07:59:14.089Z
sensor.seedlings_moisture,1.1352988598639944,2025-05-21T08:00:14.088Z
sensor.seedlings_moisture,1.1250896377010995,2025-05-21T08:01:14.088Z
sensor.seedlings_moisture,1.156669086782435,2025-05-21T08:02:14.093Z
sensor.seedlings_moisture,1.1191321636256957,2025-05-21T08:03:14.083Z
sensor.seedlings_moisture,1.1746392060061293,2025-05-21T08:04:14.081Z
sensor.seedlings_moisture,1.1663455409382648,2025-05-21T08:05:14.080Z
sensor.seedlings_moisture,1.1329886529482533,2025-05-21T08:06:14.078Z
sensor.seedlings_moisture,1.1475851512811173,2025-05-21T08:07:14.077Z
sensor.seedlings_moisture,1.104622787451353,2025-05-21T08:08:14.075Z
sensor.seedlings_moisture,1.1677678339919868,2025-05-21T08:09:14.074Z
sensor.seedlings_moisture,1.1325302642851738,2025-05-21T08:10:14.072Z
sensor.seedlings_moisture,1.1464200840201912,2025-05-21T08:11:14.071Z
sensor.seedlings_moisture,1.1220304542322674,2025-05-21T08:12:14.069Z
sensor.seedlings_moisture,1.1306808060305134,2025-05-21T08:13:14.068Z
sensor.seedlings_moisture,1.1870935803042832,2025-05-21T08:14:14.081Z
sensor.seedlings_moisture,1.1649337428659003,2025-05-21T08:15:14.065Z
sensor.seedlings_moisture,1.1414432314823748,2025-05-21T08:16:14.063Z
sensor.seedlings_moisture,1.125280660688471,2025-05-21T08:17:14.069Z
sensor.seedlings_moisture,1.13545640771983,2025-05-21T08:18:14.063Z
sensor.seedlings_moisture,1.143750685355868,2025-05-21T08:19:14.057Z
sensor.seedlings_moisture,1.1120118622866142,2025-05-21T08:20:14.083Z
sensor.seedlings_moisture,1.1238599582959354,2025-05-21T08:21:14.056Z
sensor.seedlings_moisture,1.1533128371016654,2025-05-21T08:22:14.054Z
sensor.seedlings_moisture,1.172150610760601,2025-05-21T08:23:14.053Z
sensor.seedlings_moisture,1.12802915937562,2025-05-21T08:24:14.058Z
sensor.seedlings_moisture,1.2195531881888293,2025-05-21T08:25:14.050Z
sensor.seedlings_moisture,1.1517310815853128,2025-05-21T08:26:14.049Z
sensor.seedlings_moisture,1.099797714925053,2025-05-21T08:27:14.047Z
sensor.seedlings_moisture,1.1009327512525282,2025-05-21T08:28:14.045Z
sensor.seedlings_moisture,1.124903763486967,2025-05-21T08:29:14.045Z
sensor.seedlings_moisture,1.1124712591024424,2025-05-21T08:30:14.045Z
sensor.seedlings_moisture,1.1826199514433324,2025-05-21T08:31:14.041Z
sensor.seedlings_moisture,1.135621190106592,2025-05-21T08:32:14.042Z
sensor.seedlings_moisture,1.1226773222356132,2025-05-21T08:33:14.040Z
sensor.seedlings_moisture,1.1535099840852356,2025-05-21T08:34:14.036Z
sensor.seedlings_moisture,1.1300328936558124,2025-05-21T08:35:14.035Z
sensor.seedlings_moisture,1.1129427404818577,2025-05-21T08:36:14.038Z
sensor.seedlings_moisture,1.1179864458361906,2025-05-21T08:37:14.032Z
sensor.seedlings_moisture,1.1567224095799071,2025-05-21T08:38:14.030Z
sensor.seedlings_moisture,1.1325000763755895,2025-05-21T08:39:14.029Z
sensor.seedlings_moisture,1.094815838601488,2025-05-21T08:40:14.028Z
sensor.seedlings_moisture,1.1051695127633707,2025-05-21T08:41:14.028Z
sensor.seedlings_moisture,1.1243713550749284,2025-05-21T08:42:14.024Z
sensor.seedlings_moisture,1.1217463946829334,2025-05-21T08:43:14.023Z
sensor.seedlings_moisture,1.1040158259390782,2025-05-21T08:44:14.021Z
sensor.seedlings_moisture,1.1051619980871596,2025-05-21T08:45:14.020Z
sensor.seedlings_moisture,1.1173651139017204,2025-05-21T08:46:14.018Z
sensor.seedlings_moisture,1.132173485111051,2025-05-21T08:47:14.017Z
sensor.seedlings_moisture,1.1128818269823995,2025-05-21T08:48:14.016Z
sensor.seedlings_moisture,1.121971033997508,2025-05-21T08:49:14.014Z
sensor.seedlings_moisture,1.2042913533752764,2025-05-21T08:50:14.012Z
sensor.seedlings_moisture,1.12128636118514,2025-05-21T08:51:14.023Z
sensor.seedlings_moisture,1.1181711776035943,2025-05-21T08:52:14.009Z
sensor.seedlings_moisture,1.1385651206497063,2025-05-21T08:53:14.010Z
sensor.seedlings_moisture,1.1003603139015128,2025-05-21T08:54:14.006Z
sensor.seedlings_moisture,1.1233554208376495,2025-05-21T08:55:14.005Z
sensor.seedlings_moisture,1.0989627591255855,2025-05-21T08:56:14.003Z
sensor.seedlings_moisture,unavailable,2025-05-21T08:56:32.051Z
sensor.seedlings_moisture,unknown,2025-05-21T08:56:32.282Z
sensor.seedlings_moisture,1.0901497914026064,2025-05-21T08:57:14.003Z
sensor.seedlings_moisture,,2025-05-21T08:57:53.065Z
sensor.seedlings_moisture,unknown,2025-05-21T08:59:39.300Z
sensor.seedlings_moisture,1.1589869631164071,2025-05-21T09:00:14.000Z
sensor.seedlings_moisture,1.1478009558397253,2025-05-21T09:01:13.996Z
sensor.seedlings_moisture,1.1138816516608747,2025-05-21T09:02:13.999Z
sensor.seedlings_moisture,1.121597127905627,2025-05-21T09:03:13.993Z
sensor.seedlings_moisture,1.1807321714273862,2025-05-21T09:04:06.992Z
sensor.seedlings_moisture,1.127708152576665,2025-05-21T09:05:06.995Z
sensor.seedlings_moisture,1.1658928409966238,2025-05-21T09:06:06.988Z
sensor.seedlings_moisture,1.1409677570303491,2025-05-21T09:07:06.987Z
sensor.seedlings_moisture,1.1220652038739711,2025-05-21T09:08:06.986Z
sensor.seedlings_moisture,1.217377944775438,2025-05-21T09:09:06.986Z
sensor.seedlings_moisture,1.1255819856872114,2025-05-21T09:10:06.982Z
sensor.seedlings_moisture,1.120955939242395,2025-05-21T09:11:06.981Z
sensor.seedlings_moisture,1.1227602025201306,2025-05-21T09:12:06.982Z
sensor.seedlings_moisture,1.10243366630897,2025-05-21T09:13:06.980Z
sensor.seedlings_moisture,1.1017540247821778,2025-05-21T09:14:06.977Z
sensor.seedlings_moisture,1.1229575468408548,2025-05-21T09:15:06.975Z
sensor.seedlings_moisture,1.136365508437485,2025-05-21T09:16:06.973Z
sensor.seedlings_moisture,1.1345845687153464,2025-05-21T09:17:06.972Z
sensor.seedlings_moisture,1.102959018751085,2025-05-21T09:18:06.979Z
sensor.seedlings_moisture,1.144110161386885,2025-05-21T09:19:06.968Z
sensor.seedlings_moisture,1.1161081664773715,2025-05-21T09:20:06.967Z
sensor.seedlings_moisture,1.144935295266182,2025-05-21T09:21:06.965Z
sensor.seedlings_moisture,1.1150540550031918,2025-05-21T09:22:06.964Z
sensor.seedlings_moisture,1.1192830878696343,2025-05-21T09:23:06.963Z
sensor.seedlings_moisture,1.1106875665138296,2025-05-21T09:24:06.964Z
sensor.seedlings_moisture,1.09839990093029,2025-05-21T09:25:06.959Z
sensor.seedlings_moisture,1.087167572325293,2025-05-21T09:26:06.958Z
sensor.seedlings_moisture,1.1469351452991436,2025-05-21T09:27:06.961Z
sensor.seedlings_moisture,1.126864404445183,2025-05-21T09:28:06.955Z
sensor.seedlings_moisture,1.1443514792895995,2025-05-21T09:29:06.960Z
sensor.seedlings_moisture,1.12189738128585,2025-05-21T09:30:06.952Z
sensor.seedlings_moisture,1.124157383151254,2025-05-21T09:31:06.949Z
sensor.seedlings_moisture,1.1079129956606522,2025-05-21T09:32:06.949Z
sensor.seedlings_moisture,1.1165266044292188,2025-05-21T09:33:06.951Z
sensor.seedlings_moisture,1.1320029525017643,2025-05-21T09:34:06.953Z
sensor.seedlings_moisture,1.101106445641804,2025-05-21T09:35:06.947Z
sensor.seedlings_moisture,1.1102398384051095,2025-05-21T09:36:06.943Z
sensor.seedlings_moisture,1.109266407715855,2025-05-21T09:37:06.948Z
sensor.seedlings_moisture,1.2017336861360173,2025-05-21T09:38:06.940Z
sensor.seedlings_moisture,1.22404377265559,2025-05-21T09:39:06.939Z
sensor.seedlings_moisture,1.1120223691879352,2025-05-21T09:40:06.937Z
sensor.seedlings_moisture,1.109274036302449,2025-05-21T09:41:06.935Z
sensor.seedlings_moisture,1.1200181717032427,2025-05-21T09:42:06.933Z
sensor.seedlings_moisture,1.129318318300529,2025-05-21T09:43:06.932Z
sensor.seedlings_moisture,1.1371581289945996,2025-05-21T09:44:06.930Z
sensor.seedlings_moisture,1.1139092314353078,2025-05-21T09:45:06.929Z
sensor.seedlings_moisture,1.1805595066478978,2025-05-21T09:46:06.927Z
sensor.seedlings_moisture,1.145773622718743,2025-05-21T09:47:06.926Z
sensor.seedlings_moisture,1.1535138513505072,2025-05-21T09:48:06.924Z
sensor.seedlings_moisture,1.1191981138118345,2025-05-21T09:49:06.922Z
sensor.seedlings_moisture,1.075968113849756,2025-05-21T09:50:06.921Z
sensor.seedlings_moisture,1.10314716842781,2025-05-21T09:51:06.920Z
sensor.seedlings_moisture,1.1448273891984941,2025-05-21T09:52:06.918Z
sensor.seedlings_moisture,1.20168454120894,2025-05-21T09:53:06.917Z
sensor.seedlings_moisture,1.2180880315790938,2025-05-21T09:54:06.915Z
sensor.seedlings_moisture,1.1287877419932046,2025-05-21T09:55:06.914Z
sensor.seedlings_moisture,1.111868491301873,2025-05-21T09:56:06.912Z
sensor.seedlings_moisture,1.1009353295605284,2025-05-21T09:57:06.910Z
sensor.seedlings_moisture,1.08070736761047,2025-05-21T09:58:06.918Z
sensor.seedlings_moisture,1.13228875636046,2025-05-21T09:59:06.908Z
sensor.seedlings_moisture,1.0861162738449617,2025-05-21T10:00:06.907Z
sensor.seedlings_moisture,1.102206801312419,2025-05-21T10:01:06.903Z
sensor.seedlings_moisture,1.1325947409555563,2025-05-21T10:02:06.903Z
sensor.seedlings_moisture,1.10066391657238,2025-05-21T10:03:06.901Z
sensor.seedlings_moisture,1.0973833873329404,2025-05-21T10:04:06.907Z
sensor.seedlings_moisture,1.10112738385133,2025-05-21T10:05:06.900Z
sensor.seedlings_moisture,1.105234054570491,2025-05-21T10:06:06.897Z
sensor.seedlings_moisture,1.1071431952996749,2025-05-21T10:07:06.895Z
sensor.seedlings_moisture,1.1023437479185088,2025-05-21T10:08:06.894Z
sensor.seedlings_moisture,1.1111590075126527,2025-05-21T10:09:06.892Z
sensor.seedlings_moisture,1.154718127892919,2025-05-21T10:10:06.891Z
sensor.seedlings_moisture,1.1445508753977016,2025-05-21T10:11:06.890Z
sensor.seedlings_moisture,1.1185916500168578,2025-05-21T10:12:06.890Z
sensor.seedlings_moisture,1.1016153163277358,2025-05-21T10:13:06.886Z
sensor.seedlings_moisture,1.1019579033872229,2025-05-21T10:14:06.885Z
sensor.seedlings_moisture,1.0725718147628,2025-05-21T10:15:06.883Z
sensor.seedlings_moisture,1.0916360373906056,2025-05-21T10:16:06.882Z
sensor.seedlings_moisture,1.1412086815556646,2025-05-21T10:17:06.880Z
sensor.seedlings_moisture,1.1619940243148648,2025-05-21T10:18:06.879Z
sensor.seedlings_moisture,1.12814366658621,2025-05-21T10:19:06.877Z
sensor.seedlings_moisture,1.160473180062095,2025-05-21T10:20:06.875Z
sensor.seedlings_moisture,1.147701295454038,2025-05-21T10:21:06.874Z
sensor.seedlings_moisture,1.1291832388559826,2025-05-21T10:22:06.873Z
sensor.seedlings_moisture,1.1226095604586313,2025-05-21T10:23:06.875Z
sensor.seedlings_moisture,1.1225043584074113,2025-05-21T10:24:06.880Z
sensor.seedlings_moisture,1.1176059185129907,2025-05-21T10:25:06.868Z
sensor.seedlings_moisture,1.1071701871604906,2025-05-21T10:26:06.867Z
sensor.seedlings_moisture,1.146451475645097,2025-05-21T10:27:06.865Z
sensor.seedlings_moisture,1.1537125691371655,2025-05-21T10:28:06.861Z
sensor.seedlings_moisture,1.1375646593059066,2025-05-21T10:29:06.861Z
sensor.seedlings_moisture,1.1712464302573786,2025-05-21T10:30:06.860Z
sensor.seedlings_moisture,1.101556081799741,2025-05-21T10:31:06.859Z
sensor.seedlings_moisture,1.15779523147508,2025-05-21T10:32:06.857Z
sensor.seedlings_moisture,1.1344779202988842,2025-05-21T10:33:06.856Z
sensor.seedlings_moisture,1.1165204790368328,2025-05-21T10:34:06.861Z
sensor.seedlings_moisture,1.1487536363561983,2025-05-21T10:35:06.853Z
sensor.seedlings_moisture,1.1384524198215633,2025-05-21T10:36:06.851Z
sensor.seedlings_moisture,1.1688564017290988,2025-05-21T10:37:06.850Z
sensor.seedlings_moisture,1.1054781529412183,2025-05-21T10:38:06.850Z
sensor.seedlings_moisture,1.1300659541502247,2025-05-21T10:39:06.850Z
sensor.seedlings_moisture,1.13691099546861,2025-05-21T10:40:06.845Z
sensor.seedlings_moisture,1.1268633644903938,2025-05-21T10:41:06.844Z
sensor.seedlings_moisture,1.1046180867621915,2025-05-21T10:42:06.844Z
sensor.seedlings_moisture,1.1190894776089015,2025-05-21T10:43:06.840Z
sensor.seedlings_moisture,1.1535100357467458,2025-05-21T10:44:06.839Z
sensor.seedlings_moisture,1.1204063232504289,2025-05-21T10:45:06.838Z
sensor.seedlings_moisture,1.1233386951577011,2025-05-21T10:46:06.837Z
sensor.seedlings_moisture,1.1142136596626373,2025-05-21T10:47:06.836Z
sensor.seedlings_moisture,1.1174977724319908,2025-05-21T10:48:06.835Z
sensor.seedlings_moisture,1.0800215143507967,2025-05-21T10:49:06.835Z
sensor.seedlings_moisture,1.1116100862907428,2025-05-21T10:50:06.830Z
sensor.seedlings_moisture,1.1183321928898,2025-05-21T10:51:06.829Z
sensor.seedlings_moisture,1.111594226609384,2025-05-21T10:52:06.826Z
sensor.seedlings_moisture,1.1162680255608515,2025-05-21T10:53:06.826Z
sensor.seedlings_moisture,1.0476990596560218,2025-05-21T10:54:06.824Z
sensor.seedlings_moisture,1.0978544826749284,2025-05-21T10:55:06.823Z
sensor.seedlings_moisture,1.062736561013883,2025-05-21T10:56:06.821Z
sensor.seedlings_moisture,1.1048526342657525,2025-05-21T10:57:06.826Z
sensor.seedlings_moisture,1.0688449748024906,2025-05-21T10:58:06.817Z
sensor.seedlings_moisture,1.0722190607524595,2025-05-21T10:59:06.819Z
sensor.seedlings_moisture,1.1017276880404,2025-05-21T11:00:06.816Z
sensor.seedlings_moisture,1.10713110259937,2025-05-21T11:01:06.814Z
sensor.seedlings_moisture,1.0840438581853542,2025-05-21T11:02:06.812Z
sensor.seedlings_moisture,1.1028233846579925,2025-05-21T11:03:06.810Z
sensor.seedlings_moisture,1.0876399800605512,2025-05-21T11:04:06.809Z
sensor.seedlings_moisture,1.1129334303816991,2025-05-21T11:05:06.813Z
sensor.seedlings_moisture,1.0892125284211966,2025-05-21T11:06:06.806Z
sensor.seedlings_moisture,1.0965581857019773,2025-05-21T11:07:06.805Z
sensor.seedlings_moisture,1.1715678880146243,2025-05-21T11:08:06.803Z
sensor.seedlings_moisture,1.1056874904026264,2025-05-21T11:09:06.809Z
sensor.seedlings_moisture,1.1037173283829733,2025-05-21T11:10:06.800Z
sensor.seedlings_moisture,1.1626569180178747,2025-05-21T11:11:06.798Z
sensor.seedlings_moisture,1.1163235092935953,2025-05-21T11:12:06.797Z
sensor.seedlings_moisture,1.1102311816163124,2025-05-21T11:13:06.795Z
sensor.seedlings_moisture,1.0664565356990416,2025-05-21T11:14:06.794Z
sensor.seedlings_moisture,1.1172718051816304,2025-05-21T11:15:06.791Z
sensor.seedlings_moisture,1.1393792617879563,2025-05-21T11:16:06.791Z
sensor.seedlings_moisture,1.0885649442004168,2025-05-21T11:17:06.789Z
sensor.seedlings_moisture,1.0963378902581546,2025-05-21T11:18:06.790Z
sensor.seedlings_moisture,1.0997184507760485,2025-05-21T11:19:06.786Z
sensor.seedlings_moisture,1.1159533148139185,2025-05-21T11:20:06.785Z
sensor.seedlings_moisture,1.1073178141637428,2025-05-21T11:21:06.783Z
sensor.seedlings_moisture,1.100052398339725,2025-05-21T11:22:06.786Z
sensor.seedlings_moisture,1.0506575684817374,2025-05-21T11:23:06.781Z
sensor.seedlings_moisture,1.0884090189298319,2025-05-21T11:24:06.782Z
sensor.seedlings_moisture,1.09649424085875,2025-05-21T11:25:06.777Z
sensor.seedlings_moisture,1.1042620374969454,2025-05-21T11:26:06.776Z
sensor.seedlings_moisture,1.1695993612285873,2025-05-21T11:27:06.774Z
sensor.seedlings_moisture,1.1311492671238552,2025-05-21T11:28:06.772Z
sensor.seedlings_moisture,1.0890359848543074,2025-05-21T11:29:06.777Z
sensor.seedlings_moisture,1.1467894387064395,2025-05-21T11:30:06.769Z
sensor.seedlings_moisture,1.1268599903692251,2025-05-21T11:31:06.768Z
sensor.seedlings_moisture,1.1087181102741008,2025-05-21T11:32:06.766Z
sensor.seedlings_moisture,1.0861191910292736,2025-05-21T11:33:06.765Z
sensor.seedlings_moisture,1.0820838969269506,2025-05-21T11:34:06.764Z
sensor.seedlings_moisture,1.0844038594679142,2025-05-21T11:35:06.769Z
sensor.seedlings_moisture,1.0870745831488888,2025-05-21T11:36:06.761Z
sensor.seedlings_moisture,1.08864223725196,2025-05-21T11:37:06.769Z
sensor.seedlings_moisture,1.077079362562901,2025-05-21T11:38:06.757Z
sensor.seedlings_moisture,1.1031784727740774,2025-05-21T11:39:06.756Z
sensor.seedlings_moisture,1.11261207078876,2025-05-21T11:40:06.754Z
sensor.seedlings_moisture,1.1017197692388516,2025-05-21T11:41:06.753Z
sensor.seedlings_moisture,1.107910774408189,2025-05-21T11:42:06.751Z
sensor.seedlings_moisture,1.0920789406490434,2025-05-21T11:43:06.750Z
sensor.seedlings_moisture,1.1259919860487129,2025-05-21T11:44:06.748Z
sensor.seedlings_moisture,1.1011209421817338,2025-05-21T11:45:06.747Z
sensor.seedlings_moisture,1.110847354457627,2025-05-21T11:46:06.748Z
sensor.seedlings_moisture,1.1255742408524574,2025-05-21T11:47:06.743Z
sensor.seedlings_moisture,1.0814528916565815,2025-05-21T11:48:06.742Z
sensor.seedlings_moisture,1.0941888416943024,2025-05-21T11:49:06.740Z
sensor.seedlings_moisture,1.1290075387341474,2025-05-21T11:50:06.739Z
sensor.seedlings_moisture,1.11760089063533,2025-05-21T11:51:06.737Z
sensor.seedlings_moisture,1.143871535335674,2025-05-21T11:52:06.736Z
sensor.seedlings_moisture,1.1047469254978508,2025-05-21T11:53:06.742Z
sensor.seedlings_moisture,1.1256023086835172,2025-05-21T11:54:06.733Z
sensor.seedlings_moisture,1.0958425681457244,2025-05-21T11:55:06.731Z
sensor.seedlings_moisture,1.1011634693538135,2025-05-21T11:56:06.729Z
sensor.seedlings_moisture,1.098919921106816,2025-05-21T11:57:06.728Z
sensor.seedlings_moisture,1.1020494751319987,2025-05-21T11:58:06.727Z
sensor.seedlings_moisture,1.1297660528659108,2025-05-21T11:59:06.731Z
sensor.seedlings_moisture,1.1914047159680834,2025-05-21T12:00:06.724Z
sensor.seedlings_moisture,1.091706247520561,2025-05-21T12:01:06.722Z
sensor.seedlings_moisture,1.0802274397115632,2025-05-21T12:02:06.720Z
sensor.seedlings_moisture,1.106531089284473,2025-05-21T12:03:06.723Z
sensor.seedlings_moisture,1.0935294639195083,2025-05-21T12:04:06.719Z
sensor.seedlings_moisture,1.0705381235403784,2025-05-21T12:05:06.716Z
sensor.seedlings_moisture,1.1005179455571963,2025-05-21T12:06:06.714Z
sensor.seedlings_moisture,1.092492525737966,2025-05-21T12:07:06.715Z
sensor.seedlings_moisture,1.1050287950884996,2025-05-21T12:08:06.709Z
sensor.seedlings_moisture,1.079327398753763,2025-05-21T12:09:06.719Z
sensor.seedlings_moisture,1.091588741170508,2025-05-21T12:10:06.708Z
sensor.seedlings_moisture,1.10658716854102,2025-05-21T12:11:06.707Z
sensor.seedlings_moisture,1.086745011982289,2025-05-21T12:12:06.705Z
sensor.seedlings_moisture,1.1152078315825336,2025-05-21T12:13:06.704Z
sensor.seedlings_moisture,1.084766492624213,2025-05-21T12:14:06.702Z
sensor.seedlings_moisture,1.1079566081087753,2025-05-21T12:15:06.701Z
sensor.seedlings_moisture,1.1000820947542338,2025-05-21T12:16:06.705Z
sensor.seedlings_moisture,1.1432142436838175,2025-05-21T12:17:06.698Z
sensor.seedlings_moisture,1.125712301221045,2025-05-21T12:18:06.696Z
sensor.seedlings_moisture,1.12743623919963,2025-05-21T12:19:06.695Z
sensor.seedlings_moisture,1.1223714506795464,2025-05-21T12:20:06.697Z
sensor.seedlings_moisture,1.1064096264445609,2025-05-21T12:21:06.692Z
sensor.seedlings_moisture,1.1448248892748674,2025-05-21T12:22:06.691Z
sensor.seedlings_moisture,1.1119569909074194,2025-05-21T12:23:06.688Z
sensor.seedlings_moisture,1.0877139025707552,2025-05-21T12:24:06.687Z
sensor.seedlings_moisture,1.1192789858749108,2025-05-21T12:25:06.684Z
sensor.seedlings_moisture,1.1050082075546106,2025-05-21T12:26:06.684Z
sensor.seedlings_moisture,1.1306577485269724,2025-05-21T12:27:06.682Z
sensor.seedlings_moisture,1.1405303096836172,2025-05-21T12:28:06.684Z
sensor.seedlings_moisture,1.1218037529575278,2025-05-21T12:29:06.679Z
sensor.seedlings_moisture,1.1167785275465063,2025-05-21T12:30:06.678Z
sensor.seedlings_moisture,1.1153924377330162,2025-05-21T12:31:06.677Z
sensor.seedlings_moisture,1.1052757323196059,2025-05-21T12:32:06.677Z
sensor.seedlings_moisture,1.1242654282166555,2025-05-21T12:33:06.673Z
sensor.seedlings_moisture,1.1242641544169243,2025-05-21T12:34:06.673Z
sensor.seedlings_moisture,1.1314466751386554,2025-05-21T12:35:06.676Z
sensor.seedlings_moisture,1.1678098416277205,2025-05-21T12:36:06.669Z
sensor.seedlings_moisture,1.12805201201131,2025-05-21T12:37:06.667Z
sensor.seedlings_moisture,1.116139509755106,2025-05-21T12:38:06.673Z
sensor.seedlings_moisture,1.1002511830521609,2025-05-21T12:39:06.664Z
sensor.seedlings_moisture,1.084798046647133,2025-05-21T12:40:06.662Z
sensor.seedlings_moisture,1.0906816537227069,2025-05-21T12:41:06.661Z
sensor.seedlings_moisture,1.1102660608285808,2025-05-21T12:42:06.661Z
sensor.seedlings_moisture,1.1227859148181505,2025-05-21T12:43:06.665Z
sensor.seedlings_moisture,1.1070920740700458,2025-05-21T12:44:06.656Z
sensor.seedlings_moisture,1.1130343715210909,2025-05-21T12:45:06.655Z
sensor.seedlings_moisture,1.0846816965578536,2025-05-21T12:46:06.655Z
sensor.seedlings_moisture,1.0908206753076957,2025-05-21T12:47:06.652Z
sensor.seedlings_moisture,1.0830909071226986,2025-05-21T12:48:06.650Z
sensor.seedlings_moisture,1.1000137561869276,2025-05-21T12:49:06.649Z
sensor.seedlings_moisture,1.0991732879232592,2025-05-21T12:50:06.647Z
sensor.seedlings_moisture,1.1206270266800618,2025-05-21T12:51:06.645Z
sensor.seedlings_moisture,1.185353995067991,2025-05-21T12:52:06.644Z
sensor.seedlings_moisture,1.099141368489802,2025-05-21T12:53:06.642Z
sensor.seedlings_moisture,1.1695150280891269,2025-05-21T12:54:06.639Z
sensor.seedlings_moisture,1.1072417928048175,2025-05-21T12:55:06.639Z
sensor.seedlings_moisture,1.1322928251235038,2025-05-21T12:56:06.640Z
sensor.seedlings_moisture,1.1149922545847286,2025-05-21T12:57:06.637Z
sensor.seedlings_moisture,1.189414843406708,2025-05-21T12:58:06.635Z
sensor.seedlings_moisture,1.1454524938112347,2025-05-21T12:59:06.633Z
sensor.seedlings_moisture,1.1768769802960808,2025-05-21T13:00:06.632Z
sensor.seedlings_moisture,1.1143406156964069,2025-05-21T13:01:06.630Z
sensor.seedlings_moisture,1.1337007173850988,2025-05-21T13:02:06.631Z
sensor.seedlings_moisture,1.1132070808388788,2025-05-21T13:03:06.630Z
sensor.seedlings_moisture,1.0887398445666663,2025-05-21T13:04:06.625Z
sensor.seedlings_moisture,1.1047233903567828,2025-05-21T13:05:06.626Z
sensor.seedlings_moisture,1.0942114022640081,2025-05-21T13:06:06.622Z
sensor.seedlings_moisture,1.0867769873944009,2025-05-21T13:07:06.622Z
sensor.seedlings_moisture,1.1218031253528575,2025-05-21T13:08:06.619Z
sensor.seedlings_moisture,1.0862096553211351,2025-05-21T13:09:06.620Z
sensor.seedlings_moisture,1.1190853012696191,2025-05-21T13:10:06.616Z
sensor.seedlings_moisture,1.1368887550339337,2025-05-21T13:11:06.616Z
sensor.seedlings_moisture,1.1229062894946933,2025-05-21T13:12:06.613Z
sensor.seedlings_moisture,1.120593219669354,2025-05-21T13:13:06.611Z
sensor.seedlings_moisture,1.0851360923116964,2025-05-21T13:14:06.612Z
sensor.seedlings_moisture,1.1097180663345767,2025-05-21T13:15:06.608Z
sensor.seedlings_moisture,1.1613627072912842,2025-05-21T13:16:06.607Z
sensor.seedlings_moisture,1.0882158557126755,2025-05-21T13:17:06.605Z
sensor.seedlings_moisture,1.1211646518356395,2025-05-21T13:18:06.604Z
sensor.seedlings_moisture,1.1256323559980188,2025-05-21T13:19:06.602Z
sensor.seedlings_moisture,1.09990447217608,2025-05-21T13:20:06.600Z
sensor.seedlings_moisture,1.1402322711931845,2025-05-21T13:21:06.599Z
sensor.seedlings_moisture,1.0879002364679704,2025-05-21T13:22:06.597Z
sensor.seedlings_moisture,1.08134932127292,2025-05-21T13:23:06.596Z
sensor.seedlings_moisture,1.0892017372742377,2025-05-21T13:24:06.594Z
sensor.seedlings_moisture,1.0821024497270904,2025-05-21T13:25:06.593Z
sensor.seedlings_moisture,1.0978966065146762,2025-05-21T13:26:06.597Z
sensor.seedlings_moisture,1.103716335379588,2025-05-21T13:27:06.589Z
sensor.seedlings_moisture,1.1114218455704126,2025-05-21T13:28:06.588Z
sensor.seedlings_moisture,1.1482631636726979,2025-05-21T13:29:06.586Z
sensor.seedlings_moisture,1.115310396775392,2025-05-21T13:30:06.587Z
sensor.seedlings_moisture,1.0876292285404048,2025-05-21T13:31:06.583Z
sensor.seedlings_moisture,1.0995734291997248,2025-05-21T13:32:06.587Z
sensor.seedlings_moisture,1.1246616730698566,2025-05-21T13:33:06.580Z
sensor.seedlings_moisture,1.1371783733758767,2025-05-21T13:34:06.579Z
sensor.seedlings_moisture,1.135679879076931,2025-05-21T13:35:06.577Z
sensor.seedlings_moisture,1.171982264936549,2025-05-21T13:36:06.576Z
sensor.seedlings_moisture,1.0972962356243383,2025-05-21T13:37:06.574Z
sensor.seedlings_moisture,1.0926211842645739,2025-05-21T13:38:06.574Z
sensor.seedlings_moisture,1.133404665455688,2025-05-21T13:39:06.571Z
sensor.seedlings_moisture,1.1139813368536222,2025-05-21T13:40:06.570Z
sensor.seedlings_moisture,1.114601183462922,2025-05-21T13:41:06.568Z
sensor.seedlings_moisture,1.2161195400112041,2025-05-21T13:42:06.567Z
sensor.seedlings_moisture,1.0971751708795245,2025-05-21T13:43:06.565Z
sensor.seedlings_moisture,1.0900464022345455,2025-05-21T13:44:06.563Z
sensor.seedlings_moisture,1.1280115293853687,2025-05-21T13:45:06.565Z
sensor.seedlings_moisture,1.1626859765980977,2025-05-21T13:46:06.561Z
sensor.seedlings_moisture,1.062967945788902,2025-05-21T13:47:06.561Z
sensor.seedlings_moisture,1.0851214702393348,2025-05-21T13:48:06.557Z
sensor.seedlings_moisture,1.14957172142131,2025-05-21T13:49:06.556Z
sensor.seedlings_moisture,1.1285363052557509,2025-05-21T13:50:06.554Z
sensor.seedlings_moisture,1.1329340363004978,2025-05-21T13:51:06.552Z
sensor.seedlings_moisture,1.0999447204913164,2025-05-21T13:52:06.551Z
sensor.seedlings_moisture,1.1216344740178625,2025-05-21T13:53:06.550Z
sensor.seedlings_moisture,1.1461117281662645,2025-05-21T13:54:06.551Z
sensor.seedlings_moisture,1.0908332607403586,2025-05-21T13:55:06.546Z
sensor.seedlings_moisture,1.1213159620288349,2025-05-21T13:56:06.551Z
sensor.seedlings_moisture,1.141376765263549,2025-05-21T13:57:06.552Z
sensor.seedlings_moisture,1.20063039123139,2025-05-21T13:58:06.542Z
sensor.seedlings_moisture,1.105677339561027,2025-05-21T13:59:06.543Z
sensor.seedlings_moisture,1.1007500287283822,2025-05-21T14:00:06.539Z
sensor.seedlings_moisture,1.101010545204069,2025-05-21T14:01:06.537Z
sensor.seedlings_moisture,1.1258886442633218,2025-05-21T14:02:06.536Z
sensor.seedlings_moisture,1.0934904936147931,2025-05-21T14:03:06.534Z
sensor.seedlings_moisture,1.098085608081143,2025-05-21T14:04:06.539Z
sensor.seedlings_moisture,1.0865008096544642,2025-05-21T14:05:06.531Z
sensor.seedlings_moisture,1.0996811681550471,2025-05-21T14:06:06.530Z
sensor.seedlings_moisture,1.1050249786255577,2025-05-21T14:07:06.529Z
sensor.seedlings_moisture,1.0891084329897907,2025-05-21T14:08:06.528Z
sensor.seedlings_moisture,1.1264348807073872,2025-05-21T14:09:06.526Z
sensor.seedlings_moisture,1.0681269248159675,2025-05-21T14:10:06.525Z
sensor.seedlings_moisture,1.0948207882303325,2025-05-21T14:11:06.523Z
sensor.seedlings_moisture,1.1038921827212151,2025-05-21T14:12:06.522Z
sensor.seedlings_moisture,1.0474570296500754,2025-05-21T14:13:06.522Z
sensor.seedlings_moisture,1.1002304402260752,2025-05-21T14:14:06.518Z
sensor.seedlings_moisture,1.113300403292112,2025-05-21T14:15:06.518Z
sensor.seedlings_moisture,1.0904162447713595,2025-05-21T14:16:06.515Z
sensor.seedlings_moisture,1.1327330607196833,2025-05-21T14:17:06.523Z
sensor.seedlings_moisture,1.1010607305938516,2025-05-21T14:18:06.513Z
sensor.seedlings_moisture,1.135873775234974,2025-05-21T14:19:06.521Z
sensor.seedlings_moisture,1.1106508968145268,2025-05-21T14:20:06.511Z
sensor.seedlings_moisture,1.1270302490705046,2025-05-21T14:21:06.509Z
sensor.seedlings_moisture,1.0865558883689024,2025-05-21T14:22:06.508Z
sensor.seedlings_moisture,1.150389424093399,2025-05-21T14:23:06.506Z
sensor.seedlings_moisture,1.0918946237862437,2025-05-21T14:24:06.506Z
sensor.seedlings_moisture,1.09051999321247,2025-05-21T14:25:06.503Z
sensor.seedlings_moisture,1.1976712010631372,2025-05-21T14:26:06.502Z
sensor.seedlings_moisture,1.1187025672588706,2025-05-21T14:27:06.500Z
sensor.seedlings_moisture,1.1239063661524555,2025-05-21T14:28:06.499Z
sensor.seedlings_moisture,1.1607832769626436,2025-05-21T14:29:06.497Z
sensor.seedlings_moisture,1.085056788489742,2025-05-21T14:30:06.495Z
sensor.seedlings_moisture,1.145969832265,2025-05-21T14:31:06.494Z
sensor.seedlings_moisture,1.11098397594806,2025-05-21T14:32:06.495Z
sensor.seedlings_moisture,1.1322375413723333,2025-05-21T14:33:06.491Z
sensor.seedlings_moisture,1.1188712267908687,2025-05-21T14:34:06.489Z
sensor.seedlings_moisture,1.1665310636143895,2025-05-21T14:35:06.488Z
sensor.seedlings_moisture,1.1401368734423731,2025-05-21T14:36:06.486Z
sensor.seedlings_moisture,1.0811771413443143,2025-05-21T14:37:06.485Z
sensor.seedlings_moisture,1.107443280590264,2025-05-21T14:38:06.483Z
sensor.seedlings_moisture,1.128817916352759,2025-05-21T14:39:06.485Z
sensor.seedlings_moisture,1.0968108429064969,2025-05-21T14:40:06.481Z
sensor.seedlings_moisture,1.1119025482171958,2025-05-21T14:41:06.488Z
sensor.seedlings_moisture,1.0715858447319504,2025-05-21T14:42:06.477Z
sensor.seedlings_moisture,1.0874858971901449,2025-05-21T14:43:06.478Z
sensor.seedlings_moisture,1.0966535962850663,2025-05-21T14:44:06.478Z
sensor.seedlings_moisture,1.0831049510999178,2025-05-21T14:45:06.492Z
sensor.seedlings_moisture,1.069701227564694,2025-05-21T14:46:06.475Z
sensor.seedlings_moisture,1.1039571036017204,2025-05-21T14:47:06.477Z
sensor.seedlings_moisture,1.1126460563459173,2025-05-21T14:48:06.468Z
sensor.seedlings_moisture,1.1043356217678382,2025-05-21T14:49:06.467Z
sensor.seedlings_moisture,1.0794894478011239,2025-05-21T14:50:06.466Z
sensor.seedlings_moisture,1.172669161213632,2025-05-21T14:51:06.464Z
sensor.seedlings_moisture,1.1414996910187716,2025-05-21T14:52:06.464Z
sensor.seedlings_moisture,1.1058475309484446,2025-05-21T14:53:06.461Z
sensor.seedlings_moisture,1.0994428540471175,2025-05-21T14:54:06.460Z
sensor.seedlings_moisture,1.1074409304668378,2025-05-21T14:55:06.459Z
sensor.seedlings_moisture,1.1786400182349608,2025-05-21T14:56:06.464Z
sensor.seedlings_moisture,1.095302975415093,2025-05-21T14:57:06.458Z
sensor.seedlings_moisture,1.104093345400565,2025-05-21T14:58:06.458Z
sensor.seedlings_moisture,1.0943895713306666,2025-05-21T14:59:06.452Z
sensor.seedlings_moisture,1.086184901723418,2025-05-21T15:00:06.452Z
sensor.seedlings_moisture,1.0970594844975459,2025-05-21T15:01:06.449Z
sensor.seedlings_moisture,1.0956584230156339,2025-05-21T15:02:06.469Z
sensor.seedlings_moisture,1.108911270151937,2025-05-21T15:03:06.446Z
sensor.seedlings_moisture,1.07604885591385,2025-05-21T15:04:06.445Z
sensor.seedlings_moisture,1.0785884907100771,2025-05-21T15:05:06.443Z
sensor.seedlings_moisture,1.0896001514182683,2025-05-21T15:06:06.447Z
sensor.seedlings_moisture,1.103357490079866,2025-05-21T15:07:06.441Z
sensor.seedlings_moisture,1.102264714835905,2025-05-21T15:08:06.440Z
sensor.seedlings_moisture,1.1179121510249268,2025-05-21T15:09:06.437Z
sensor.seedlings_moisture,1.1276082099218296,2025-05-21T15:10:06.436Z
sensor.seedlings_moisture,1.119646130569009,2025-05-21T15:11:06.434Z
sensor.seedlings_moisture,1.0928525128229,2025-05-21T15:12:06.433Z
sensor.seedlings_moisture,1.0998107267322081,2025-05-21T15:13:06.431Z
sensor.seedlings_moisture,1.102545669868979,2025-05-21T15:14:06.429Z
sensor.seedlings_moisture,1.1066361163218188,2025-05-21T15:15:06.427Z
sensor.seedlings_moisture,1.0865423134362135,2025-05-21T15:16:06.425Z
sensor.seedlings_moisture,1.1059596307757635,2025-05-21T15:17:06.423Z
sensor.seedlings_moisture,1.0864191940835113,2025-05-21T15:18:06.425Z
sensor.seedlings_moisture,1.0846436804302226,2025-05-21T15:19:06.422Z
sensor.seedlings_moisture,1.1022777427019765,2025-05-21T15:20:06.419Z
sensor.seedlings_moisture,1.10170238928235,2025-05-21T15:21:06.417Z
sensor.seedlings_moisture,1.1017969058597166,2025-05-21T15:22:06.415Z
sensor.seedlings_moisture,1.1107830718692715,2025-05-21T15:23:06.413Z
sensor.seedlings_moisture,1.091548668745018,2025-05-21T15:24:06.412Z
sensor.seedlings_moisture,1.1095502565792403,2025-05-21T15:25:06.410Z
sensor.seedlings_moisture,1.1141403961798726,2025-05-21T15:26:06.411Z
sensor.seedlings_moisture,1.1556901299091171,2025-05-21T15:27:06.410Z
sensor.seedlings_moisture,1.065376653336084,2025-05-21T15:28:06.408Z
sensor.seedlings_moisture,1.1242746716685692,2025-05-21T15:29:06.404Z
sensor.seedlings_moisture,1.1110385247152241,2025-05-21T15:30:06.402Z
sensor.seedlings_moisture,1.1074079127494445,2025-05-21T15:31:06.406Z
sensor.seedlings_moisture,1.0635134031922793,2025-05-21T15:32:06.399Z
sensor.seedlings_moisture,1.0714357062392812,2025-05-21T15:33:06.398Z
sensor.seedlings_moisture,1.0546027337303596,2025-05-21T15:34:06.396Z
sensor.seedlings_moisture,1.09427027955558,2025-05-21T15:35:06.399Z
sensor.seedlings_moisture,1.1017152887119666,2025-05-21T15:36:06.393Z
sensor.seedlings_moisture,1.10528878569141,2025-05-21T15:37:06.391Z
sensor.seedlings_moisture,1.1795425474984529,2025-05-21T15:38:06.390Z
sensor.seedlings_moisture,1.0853300829921715,2025-05-21T15:39:06.388Z
sensor.seedlings_moisture,1.0712046739279273,2025-05-21T15:40:06.387Z
sensor.seedlings_moisture,1.0996933117712422,2025-05-21T15:41:06.385Z
sensor.seedlings_moisture,1.0837012585215842,2025-05-21T15:42:06.383Z
sensor.seedlings_moisture,1.12924009327851,2025-05-21T15:43:06.383Z
sensor.seedlings_moisture,1.1853875843530695,2025-05-21T15:44:06.380Z
sensor.seedlings_moisture,1.1144860768579072,2025-05-21T15:45:06.379Z
sensor.seedlings_moisture,1.0768892323611878,2025-05-21T15:46:06.379Z
sensor.seedlings_moisture,1.0667706469758156,2025-05-21T15:47:06.376Z
sensor.seedlings_moisture,1.2097963493601107,2025-05-21T15:48:06.374Z
sensor.seedlings_moisture,1.0797639168927033,2025-05-21T15:49:06.372Z
sensor.seedlings_moisture,1.0931153094867625,2025-05-21T15:50:06.371Z
sensor.seedlings_moisture,1.115606818694289,2025-05-21T15:51:06.368Z
sensor.seedlings_moisture,1.1170290279707875,2025-05-21T15:52:06.368Z
sensor.seedlings_moisture,1.1203312325377879,2025-05-21T15:53:06.367Z
sensor.seedlings_moisture,1.1162023563231436,2025-05-21T15:54:06.366Z
sensor.seedlings_moisture,1.09650011060403,2025-05-21T15:55:06.364Z
sensor.seedlings_moisture,1.0831974297484486,2025-05-21T15:56:06.362Z
sensor.seedlings_moisture,1.1013422041724779,2025-05-21T15:57:06.360Z
sensor.seedlings_moisture,1.0771605843419392,2025-05-21T15:58:06.359Z
sensor.seedlings_moisture,1.088514098120655,2025-05-21T15:59:06.362Z
sensor.seedlings_moisture,1.1131709833267263,2025-05-21T16:00:06.356Z
sensor.seedlings_moisture,1.1292578610947777,2025-05-21T16:01:06.359Z
sensor.seedlings_moisture,1.065367594678195,2025-05-21T16:02:06.353Z
sensor.seedlings_moisture,1.1107990806865928,2025-05-21T16:03:06.352Z
sensor.seedlings_moisture,1.1513658584372848,2025-05-21T16:04:06.352Z
sensor.seedlings_moisture,1.081867857328722,2025-05-21T16:05:06.348Z
sensor.seedlings_moisture,1.1531156689195736,2025-05-21T16:06:06.348Z
sensor.seedlings_moisture,1.1055419529750778,2025-05-21T16:07:06.352Z
sensor.seedlings_moisture,1.0775010892121006,2025-05-21T16:08:06.344Z
sensor.seedlings_moisture,1.1651795540903893,2025-05-21T16:09:06.343Z
sensor.seedlings_moisture,1.089985125324446,2025-05-21T16:10:06.345Z
sensor.seedlings_moisture,1.0994065602032412,2025-05-21T16:11:06.339Z
sensor.seedlings_moisture,1.2039442750305274,2025-05-21T16:12:06.341Z
sensor.seedlings_moisture,1.098768215883131,2025-05-21T16:13:06.339Z
sensor.seedlings_moisture,1.1028160133212566,2025-05-21T16:14:06.335Z
sensor.seedlings_moisture,1.1452641715068252,2025-05-21T16:15:06.332Z
sensor.seedlings_moisture,1.0844926563863209,2025-05-21T16:16:06.331Z
sensor.seedlings_moisture,1.1237526792342827,2025-05-21T16:17:06.331Z
sensor.seedlings_moisture,1.0775489913891994,2025-05-21T16:18:06.329Z
sensor.seedlings_moisture,1.116227975618266,2025-05-21T16:19:06.328Z
sensor.seedlings_moisture,1.1084081663551293,2025-05-21T16:20:06.329Z
sensor.seedlings_moisture,1.149878935786071,2025-05-21T16:21:06.324Z
sensor.seedlings_moisture,1.1317821840142073,2025-05-21T16:22:06.323Z
sensor.seedlings_moisture,1.0971722489578795,2025-05-21T16:23:06.323Z
sensor.seedlings_moisture,1.1874109445983134,2025-05-21T16:24:06.320Z
sensor.seedlings_moisture,1.1216222137807614,2025-05-21T16:25:06.318Z
sensor.seedlings_moisture,1.1049634869577485,2025-05-21T16:26:06.317Z
sensor.seedlings_moisture,1.1331159498481622,2025-05-21T16:27:06.315Z
sensor.seedlings_moisture,1.10405248369426,2025-05-21T16:28:06.313Z
sensor.seedlings_moisture,1.0831169416903081,2025-05-21T16:29:06.312Z
sensor.seedlings_moisture,1.102789445400673,2025-05-21T16:30:06.311Z
sensor.seedlings_moisture,1.199998804950846,2025-05-21T16:31:06.309Z
sensor.seedlings_moisture,1.1280932464615607,2025-05-21T16:32:06.307Z
sensor.seedlings_moisture,1.1264380674968175,2025-05-21T16:33:06.306Z
sensor.seedlings_moisture,1.1945281274200117,2025-05-21T16:34:06.305Z
sensor.seedlings_moisture,1.1106563866315446,2025-05-21T16:35:06.303Z
sensor.seedlings_moisture,1.1824655121109848,2025-05-21T16:36:06.308Z
sensor.seedlings_moisture,1.1203276714189876,2025-05-21T16:37:06.300Z
sensor.seedlings_moisture,1.0923112326278193,2025-05-21T16:38:06.300Z
sensor.seedlings_moisture,1.1382142820897654,2025-05-21T16:39:06.299Z
sensor.seedlings_moisture,1.1218684754043282,2025-05-21T16:40:06.295Z
sensor.seedlings_moisture,1.086736301939377,2025-05-21T16:41:06.301Z
sensor.seedlings_moisture,1.1590862062371978,2025-05-21T16:42:06.293Z
sensor.seedlings_moisture,1.263500779564013,2025-05-21T16:43:06.290Z
sensor.seedlings_moisture,1.0732292912043613,2025-05-21T16:44:06.289Z
sensor.seedlings_moisture,1.0735365765447513,2025-05-21T16:45:06.298Z
sensor.seedlings_moisture,1.106380876960941,2025-05-21T16:46:06.286Z
sensor.seedlings_moisture,1.110085464882116,2025-05-21T16:47:06.285Z
sensor.seedlings_moisture,1.1359448061601956,2025-05-21T16:48:06.285Z
sensor.seedlings_moisture,1.1041838872578713,2025-05-21T16:49:06.282Z
sensor.seedlings_moisture,1.1186989448599092,2025-05-21T16:50:06.280Z
sensor.seedlings_moisture,1.134997304834996,2025-05-21T16:51:06.279Z
sensor.seedlings_moisture,1.1657545173395276,2025-05-21T16:52:06.279Z
sensor.seedlings_moisture,1.130778364905509,2025-05-21T16:53:06.275Z
sensor.seedlings_moisture,1.1382669171191553,2025-05-21T16:54:06.275Z
sensor.seedlings_moisture,1.1035347172847427,2025-05-21T16:55:06.271Z
sensor.seedlings_moisture,1.131903580500809,2025-05-21T16:56:06.271Z
sensor.seedlings_moisture,1.1506953384084577,2025-05-21T16:57:06.299Z
sensor.seedlings_moisture,1.1457452706131328,2025-05-21T16:58:06.268Z
sensor.seedlings_moisture,1.0936921617999333,2025-05-21T16:59:06.267Z
sensor.seedlings_moisture,1.20982539246704,2025-05-21T17:00:06.265Z
sensor.seedlings_moisture,1.1431578220881946,2025-05-21T17:01:06.264Z
sensor.seedlings_moisture,1.0883870227836314,2025-05-21T17:02:06.263Z
sensor.seedlings_moisture,1.1079704742668404,2025-05-21T17:03:06.282Z
sensor.seedlings_moisture,1.1329868249413484,2025-05-21T17:04:06.260Z
sensor.seedlings_moisture,1.12340137894528,2025-05-21T17:05:06.259Z
sensor.seedlings_moisture,1.2542623253477332,2025-05-21T17:06:06.257Z
sensor.seedlings_moisture,1.0808216778515731,2025-05-21T17:07:06.255Z
sensor.seedlings_moisture,1.1074781835608845,2025-05-21T17:08:06.254Z
sensor.seedlings_moisture,1.1279977010020719,2025-05-21T17:09:06.252Z
sensor.seedlings_moisture,1.1255144543366622,2025-05-21T17:10:06.251Z
sensor.seedlings_moisture,1.1292605321235194,2025-05-21T17:11:06.249Z
sensor.seedlings_moisture,1.16116732305963,2025-05-21T17:12:06.247Z
sensor.seedlings_moisture,1.1130360099447763,2025-05-21T17:13:06.246Z
sensor.seedlings_moisture,1.1761640811017973,2025-05-21T17:14:06.245Z
sensor.seedlings_moisture,1.1134629955312265,2025-05-21T17:15:06.243Z
sensor.seedlings_moisture,1.1237349672998247,2025-05-21T17:16:06.242Z
sensor.seedlings_moisture,1.131659115855874,2025-05-21T17:17:06.240Z
sensor.seedlings_moisture,1.130862065800088,2025-05-21T17:18:06.239Z
sensor.seedlings_moisture,1.1367383050710087,2025-05-21T17:19:06.238Z
sensor.seedlings_moisture,1.1764895299240645,2025-05-21T17:20:06.240Z
sensor.seedlings_moisture,1.1938882003059073,2025-05-21T17:21:06.235Z
sensor.seedlings_moisture,1.1043002613208577,2025-05-21T17:22:06.233Z
sensor.seedlings_moisture,1.1634985855122288,2025-05-21T17:23:06.231Z
sensor.seedlings_moisture,1.2970456323874788,2025-05-21T17:24:06.230Z
sensor.seedlings_moisture,1.1887036571441854,2025-05-21T17:25:06.228Z
sensor.seedlings_moisture,1.213320453345767,2025-05-21T17:26:06.227Z
sensor.seedlings_moisture,1.107284818685244,2025-05-21T17:27:06.226Z
sensor.seedlings_moisture,1.1206388623259793,2025-05-21T17:28:06.224Z
sensor.seedlings_moisture,1.1334435140805494,2025-05-21T17:29:06.223Z
sensor.seedlings_moisture,1.1432342352387574,2025-05-21T17:30:06.221Z
sensor.seedlings_moisture,1.128538025379246,2025-05-21T17:31:06.219Z
sensor.seedlings_moisture,1.1124273487927594,2025-05-21T17:32:06.221Z
sensor.seedlings_moisture,1.1003109748202675,2025-05-21T17:33:06.216Z
sensor.seedlings_moisture,1.1897022394396437,2025-05-21T17:34:06.214Z
sensor.seedlings_moisture,1.1494610827602492,2025-05-21T17:35:06.213Z
sensor.seedlings_moisture,1.151820533393313,2025-05-21T17:36:06.211Z
sensor.seedlings_moisture,1.1582978365438032,2025-05-21T17:37:06.210Z
sensor.seedlings_moisture,1.1335819589116136,2025-05-21T17:38:06.209Z
sensor.seedlings_moisture,1.118138290922648,2025-05-21T17:39:06.206Z
sensor.seedlings_moisture,1.1225772445851718,2025-05-21T17:40:06.209Z
sensor.seedlings_moisture,1.1178923156692115,2025-05-21T17:41:06.206Z
sensor.seedlings_moisture,1.112446091381798,2025-05-21T17:42:06.209Z
sensor.seedlings_moisture,1.1768397057893862,2025-05-21T17:43:06.200Z
sensor.seedlings_moisture,1.1595362596640395,2025-05-21T17:44:06.199Z
sensor.seedlings_moisture,1.14371444577268,2025-05-21T17:45:06.198Z
sensor.seedlings_moisture,1.1616353125978054,2025-05-21T17:46:06.198Z
sensor.seedlings_moisture,1.2159807885816556,2025-05-21T17:47:06.194Z
sensor.seedlings_moisture,1.167718946855549,2025-05-21T17:48:06.203Z
sensor.seedlings_moisture,1.1445270008951844,2025-05-21T17:49:06.195Z
sensor.seedlings_moisture,1.125132545241228,2025-05-21T17:50:06.190Z
sensor.seedlings_moisture,1.235931006262067,2025-05-21T17:51:06.190Z
sensor.seedlings_moisture,1.13719763110768,2025-05-21T17:52:06.186Z
sensor.seedlings_moisture,1.1845388669080226,2025-05-21T17:53:06.187Z
sensor.seedlings_moisture,1.1927709966255806,2025-05-21T17:54:06.186Z
sensor.seedlings_moisture,1.1496710106060481,2025-05-21T17:55:06.185Z
sensor.seedlings_moisture,1.1467714039767722,2025-05-21T17:56:06.182Z
sensor.seedlings_moisture,1.0972314846991114,2025-05-21T17:57:06.179Z
sensor.seedlings_moisture,1.2004630457057144,2025-05-21T17:58:06.178Z
sensor.seedlings_moisture,1.1532813180716115,2025-05-21T17:59:06.176Z
sensor.seedlings_moisture,1.1403159883264866,2025-05-21T18:00:06.175Z
sensor.seedlings_moisture,1.2355114096228932,2025-05-21T18:01:06.173Z
sensor.seedlings_moisture,1.1517829823768166,2025-05-21T18:02:06.172Z
sensor.seedlings_moisture,1.2044044941773007,2025-05-21T18:03:06.170Z
sensor.seedlings_moisture,1.1275807609160577,2025-05-21T18:04:06.169Z
sensor.seedlings_moisture,1.2339645263756436,2025-05-21T18:05:06.168Z
sensor.seedlings_moisture,1.1295635253721286,2025-05-21T18:06:06.166Z
sensor.seedlings_moisture,1.174988223160531,2025-05-21T18:07:06.164Z
sensor.seedlings_moisture,1.1664592997598273,2025-05-21T18:08:06.164Z
sensor.seedlings_moisture,1.1115202798015515,2025-05-21T18:09:06.203Z
sensor.seedlings_moisture,1.2274515286034635,2025-05-21T18:10:06.158Z
sensor.seedlings_moisture,1.1570793290023462,2025-05-21T18:11:06.157Z
sensor.seedlings_moisture,1.137052203939646,2025-05-21T18:12:06.156Z
sensor.seedlings_moisture,1.1429520989957551,2025-05-21T18:13:06.156Z
sensor.seedlings_moisture,1.163059297665771,2025-05-21T18:14:06.153Z
sensor.seedlings_moisture,1.1155283703716439,2025-05-21T18:15:06.155Z
sensor.seedlings_moisture,1.1292809425419217,2025-05-21T18:16:06.150Z
sensor.seedlings_moisture,1.158785509678782,2025-05-21T18:17:06.149Z
sensor.seedlings_moisture,1.1380010695403155,2025-05-21T18:18:06.192Z
sensor.seedlings_moisture,1.1300859419888734,2025-05-21T18:19:06.145Z
sensor.seedlings_moisture,1.1371637004255892,2025-05-21T18:20:06.144Z
sensor.seedlings_moisture,1.1592993199700454,2025-05-21T18:21:06.142Z
sensor.seedlings_moisture,1.160564703282137,2025-05-21T18:22:06.141Z
sensor.seedlings_moisture,1.1331516072762753,2025-05-21T18:23:06.139Z
sensor.seedlings_moisture,1.2745273665979275,2025-05-21T18:24:06.138Z
sensor.seedlings_moisture,1.1604964444524162,2025-05-21T18:25:06.145Z
sensor.seedlings_moisture,1.1415590023489517,2025-05-21T18:26:06.134Z
sensor.seedlings_moisture,1.1203429191043026,2025-05-21T18:27:06.133Z
sensor.seedlings_moisture,1.2023807628188035,2025-05-21T18:28:06.132Z
sensor.seedlings_moisture,1.1489923703149265,2025-05-21T18:29:06.137Z
sensor.seedlings_moisture,1.1152914582255968,2025-05-21T18:30:06.130Z
sensor.seedlings_moisture,1.178620116366209,2025-05-21T18:31:06.127Z
sensor.seedlings_moisture,1.1549129480185771,2025-05-21T18:32:06.126Z
sensor.seedlings_moisture,1.1234094677334254,2025-05-21T18:33:06.124Z
sensor.seedlings_moisture,1.1782709701825687,2025-05-21T18:34:06.123Z
sensor.seedlings_moisture,1.1693205347570965,2025-05-21T18:35:06.126Z
sensor.seedlings_moisture,1.1478931281810818,2025-05-21T18:36:06.120Z
sensor.seedlings_moisture,1.1356328592623226,2025-05-21T18:37:06.118Z
sensor.seedlings_moisture,1.1108236978143753,2025-05-21T18:38:06.117Z
sensor.seedlings_moisture,1.213438401590575,2025-05-21T18:39:06.114Z
sensor.seedlings_moisture,1.1575112418941935,2025-05-21T18:40:06.114Z
sensor.seedlings_moisture,1.1426593130723945,2025-05-21T18:41:06.112Z
sensor.seedlings_moisture,1.123766765796191,2025-05-21T18:42:06.111Z
sensor.seedlings_moisture,1.13868249076523,2025-05-21T18:43:06.109Z
sensor.seedlings_moisture,1.1348332054159278,2025-05-21T18:44:06.145Z
sensor.seedlings_moisture,1.1474083778043118,2025-05-21T18:45:06.106Z
sensor.seedlings_moisture,1.1575273135949284,2025-05-21T18:46:06.104Z
sensor.seedlings_moisture,1.154492834647662,2025-05-21T18:47:06.105Z
sensor.seedlings_moisture,1.2253041850861568,2025-05-21T18:48:06.103Z
sensor.seedlings_moisture,1.3042891321858077,2025-05-21T18:49:06.106Z
sensor.seedlings_moisture,1.2187707105028913,2025-05-21T18:50:06.101Z
sensor.seedlings_moisture,1.1464790095775261,2025-05-21T18:51:06.097Z
sensor.seedlings_moisture,1.1527377393901366,2025-05-21T18:52:06.096Z
sensor.seedlings_moisture,1.172030284019161,2025-05-21T18:53:06.095Z
sensor.seedlings_moisture,1.28381108805324,2025-05-21T18:54:06.093Z
sensor.seedlings_moisture,1.1508679370930528,2025-05-21T18:55:06.091Z
sensor.seedlings_moisture,1.176529450796374,2025-05-21T18:56:06.096Z
sensor.seedlings_moisture,1.2028955554856946,2025-05-21T18:57:06.088Z
sensor.seedlings_moisture,1.2511413018227766,2025-05-21T18:58:06.086Z
sensor.seedlings_moisture,1.1991758214516,2025-05-21T18:59:06.085Z
sensor.seedlings_moisture,1.2004517584424406,2025-05-21T19:00:06.083Z
sensor.seedlings_moisture,1.1926754559331847,2025-05-21T19:01:06.082Z
sensor.seedlings_moisture,1.1854127864197315,2025-05-21T19:02:06.080Z
sensor.seedlings_moisture,1.1659835123621112,2025-05-21T19:03:06.081Z
sensor.seedlings_moisture,1.2058361792775723,2025-05-21T19:04:06.078Z
sensor.seedlings_moisture,1.16355960920193,2025-05-21T19:05:06.078Z
sensor.seedlings_moisture,1.186562575510913,2025-05-21T19:06:06.074Z
sensor.seedlings_moisture,1.1890476257184595,2025-05-21T19:07:06.073Z
sensor.seedlings_moisture,1.161564371623096,2025-05-21T19:08:06.082Z
sensor.seedlings_moisture,1.1841882317914552,2025-05-21T19:09:06.070Z
sensor.seedlings_moisture,1.1920750663831496,2025-05-21T19:10:06.068Z
sensor.seedlings_moisture,1.1569568306127238,2025-05-21T19:11:06.071Z
sensor.seedlings_moisture,1.213435352542991,2025-05-21T19:12:06.065Z
sensor.seedlings_moisture,1.1918854295200738,2025-05-21T19:13:06.064Z
sensor.seedlings_moisture,1.16365835741007,2025-05-21T19:14:06.062Z
sensor.seedlings_moisture,1.2091052076731907,2025-05-21T19:15:06.061Z
sensor.seedlings_moisture,1.1942300614785946,2025-05-21T19:16:06.061Z
sensor.seedlings_moisture,1.1798025637847365,2025-05-21T19:17:06.058Z
sensor.seedlings_moisture,1.1757631792502894,2025-05-21T19:18:06.057Z
sensor.seedlings_moisture,1.2412320707920057,2025-05-21T19:19:06.055Z
sensor.seedlings_moisture,1.1634885011911251,2025-05-21T19:20:06.054Z
sensor.seedlings_moisture,1.1886160206194132,2025-05-21T19:21:06.052Z
sensor.seedlings_moisture,1.1849351244392983,2025-05-21T19:22:06.051Z
sensor.seedlings_moisture,1.2055510432296515,2025-05-21T19:23:06.049Z
sensor.seedlings_moisture,1.1889345223245371,2025-05-21T19:24:06.050Z
sensor.seedlings_moisture,1.1788425622747494,2025-05-21T19:25:06.050Z
sensor.seedlings_moisture,1.3341858464978325,2025-05-21T19:26:06.047Z
sensor.seedlings_moisture,1.1832071902174877,2025-05-21T19:27:06.044Z
sensor.seedlings_moisture,1.1444415991259929,2025-05-21T19:28:06.043Z
sensor.seedlings_moisture,1.1863762559766975,2025-05-21T19:29:06.041Z
sensor.seedlings_moisture,1.2131175011251976,2025-05-21T19:30:06.039Z
sensor.seedlings_moisture,1.1724050539822395,2025-05-21T19:31:06.049Z
sensor.seedlings_moisture,1.202533697430354,2025-05-21T19:32:06.036Z
sensor.seedlings_moisture,1.1941903330395562,2025-05-21T19:33:06.035Z
sensor.seedlings_moisture,1.200530188641396,2025-05-21T19:34:06.033Z
sensor.seedlings_moisture,1.1806543131004963,2025-05-21T19:35:06.032Z
sensor.seedlings_moisture,1.29743340390741,2025-05-21T19:36:06.030Z
sensor.seedlings_moisture,1.2053428491729394,2025-05-21T19:37:06.033Z
sensor.seedlings_moisture,1.1922553881128306,2025-05-21T19:38:06.028Z
sensor.seedlings_moisture,1.18332262991894,2025-05-21T19:39:06.028Z
sensor.seedlings_moisture,1.21055944119881,2025-05-21T19:40:06.025Z
sensor.seedlings_moisture,1.2838883101417349,2025-05-21T19:41:06.023Z
sensor.seedlings_moisture,1.1978190737112486,2025-05-21T19:42:06.022Z
sensor.seedlings_moisture,1.2091541339891607,2025-05-21T19:43:06.020Z
sensor.seedlings_moisture,1.3061933125242036,2025-05-21T19:44:06.019Z
sensor.seedlings_moisture,1.1821263723816229,2025-05-21T19:45:06.018Z
sensor.seedlings_moisture,1.2025205386767859,2025-05-21T19:46:06.016Z
sensor.seedlings_moisture,1.2115091018968878,2025-05-21T19:47:06.027Z
sensor.seedlings_moisture,1.1991098981684578,2025-05-21T19:48:06.016Z
sensor.seedlings_moisture,1.194823303117631,2025-05-21T19:49:06.013Z
sensor.seedlings_moisture,1.2166991098305684,2025-05-21T19:50:06.013Z
sensor.seedlings_moisture,1.2505447375469891,2025-05-21T19:51:06.010Z
sensor.seedlings_moisture,1.2278247531907978,2025-05-21T19:52:06.012Z
sensor.seedlings_moisture,1.1898237690927496,2025-05-21T19:53:06.007Z
sensor.seedlings_moisture,1.2199134472363866,2025-05-21T19:54:06.008Z
sensor.seedlings_moisture,1.2187614318647466,2025-05-21T19:55:06.005Z
sensor.seedlings_moisture,1.197096593324771,2025-05-21T19:56:06.003Z
sensor.seedlings_moisture,1.1989518634783385,2025-05-21T19:57:06.004Z
sensor.seedlings_moisture,1.196540966863531,2025-05-21T19:58:06.001Z
sensor.seedlings_moisture,1.2194385359849709,2025-05-21T19:59:05.997Z
sensor.seedlings_moisture,1.2103570022921608,2025-05-21T20:00:05.998Z
sensor.seedlings_moisture,1.2120357368864236,2025-05-21T20:01:05.997Z
sensor.seedlings_moisture,1.20055344407299,2025-05-21T20:02:05.995Z
sensor.seedlings_moisture,1.255557935821698,2025-05-21T20:03:05.994Z
sensor.seedlings_moisture,1.222590355847938,2025-05-21T20:04:05.993Z
sensor.seedlings_moisture,1.2257043810950992,2025-05-21T20:05:05.990Z
sensor.seedlings_moisture,1.2152321266011232,2025-05-21T20:06:05.994Z
sensor.seedlings_moisture,1.2264790520848554,2025-05-21T20:07:05.997Z
sensor.seedlings_moisture,1.2239034201633219,2025-05-21T20:08:05.991Z
sensor.seedlings_moisture,1.2212091999123171,2025-05-21T20:09:05.986Z
sensor.seedlings_moisture,1.234507797480992,2025-05-21T20:10:05.984Z
sensor.seedlings_moisture,1.2788346668754629,2025-05-21T20:11:05.983Z
sensor.seedlings_moisture,1.2356226012606073,2025-05-21T20:12:05.982Z
sensor.seedlings_moisture,1.2401924924411718,2025-05-21T20:13:05.985Z
sensor.seedlings_moisture,1.2813643251726914,2025-05-21T20:14:05.979Z
sensor.seedlings_moisture,1.2365597130101367,2025-05-21T20:15:05.980Z
sensor.seedlings_moisture,1.2326489746983933,2025-05-21T20:16:05.976Z
sensor.seedlings_moisture,1.2580501214122322,2025-05-21T20:17:05.975Z
sensor.seedlings_moisture,1.264684888175942,2025-05-21T20:18:05.976Z
sensor.seedlings_moisture,1.2678527002975153,2025-05-21T20:19:05.972Z
sensor.seedlings_moisture,1.2654775086810677,2025-05-21T20:20:05.970Z
sensor.seedlings_moisture,1.2896926380759282,2025-05-21T20:21:05.976Z
sensor.seedlings_moisture,1.2674354091693152,2025-05-21T20:22:05.967Z
sensor.seedlings_moisture,1.2677688473167787,2025-05-21T20:23:05.967Z
sensor.seedlings_moisture,1.3060302274029014,2025-05-21T20:24:05.964Z
sensor.seedlings_moisture,1.2740840939036255,2025-05-21T20:25:05.962Z
sensor.seedlings_moisture,1.259114685716461,2025-05-21T20:26:05.961Z
sensor.seedlings_moisture,1.276989009739993,2025-05-21T20:27:05.967Z
sensor.seedlings_moisture,1.3059256789333895,2025-05-21T20:28:05.958Z
sensor.seedlings_moisture,1.2876932665699454,2025-05-21T20:29:05.956Z
sensor.seedlings_moisture,1.2864497596904263,2025-05-21T20:30:05.954Z
sensor.seedlings_moisture,1.2732850062700933,2025-05-21T20:31:05.953Z
sensor.seedlings_moisture,1.284210634439279,2025-05-21T20:32:05.954Z
sensor.seedlings_moisture,1.3019756732674364,2025-05-21T20:33:05.949Z
sensor.seedlings_moisture,1.2756674499123788,2025-05-21T20:34:05.948Z
sensor.seedlings_moisture,1.2916734370795353,2025-05-21T20:35:05.947Z
sensor.seedlings_moisture,1.2939151472125436,2025-05-21T20:36:05.945Z
sensor.seedlings_moisture,1.2691425138468484,2025-05-21T20:37:05.944Z
sensor.seedlings_moisture,1.2704300341768546,2025-05-21T20:38:05.943Z
sensor.seedlings_moisture,1.287725283889867,2025-05-21T20:39:05.941Z
sensor.seedlings_moisture,1.2908036163586916,2025-05-21T20:40:05.940Z
sensor.seedlings_moisture,1.2929349131305468,2025-05-21T20:41:05.938Z
sensor.seedlings_moisture,1.3483792621003938,2025-05-21T20:42:05.937Z
sensor.seedlings_moisture,1.3470734976800551,2025-05-21T20:43:05.947Z
sensor.seedlings_moisture,1.3481468128830116,2025-05-21T20:44:05.936Z
sensor.seedlings_moisture,1.2903103903238833,2025-05-21T20:45:05.932Z
sensor.seedlings_moisture,1.2758956074159182,2025-05-21T20:46:05.930Z
sensor.seedlings_moisture,1.2758634346772124,2025-05-21T20:47:05.929Z
sensor.seedlings_moisture,1.329109605952552,2025-05-21T20:48:05.932Z
sensor.seedlings_moisture,1.276437972771612,2025-05-21T20:49:05.926Z
sensor.seedlings_moisture,1.2848431768188318,2025-05-21T20:50:05.925Z
sensor.seedlings_moisture,1.3219380593590908,2025-05-21T20:51:05.924Z
sensor.seedlings_moisture,1.2941364731660558,2025-05-21T20:52:05.922Z
sensor.seedlings_moisture,1.3144844412201724,2025-05-21T20:53:05.920Z
sensor.seedlings_moisture,1.288154429230338,2025-05-21T20:54:05.919Z
sensor.seedlings_moisture,1.2933986999726854,2025-05-21T20:55:05.918Z
sensor.seedlings_moisture,1.313672047478484,2025-05-21T20:56:05.917Z
sensor.seedlings_moisture,1.2880341944338658,2025-05-21T20:57:05.915Z
sensor.seedlings_moisture,1.3084089188354577,2025-05-21T20:58:05.914Z
sensor.seedlings_moisture,1.275606665602718,2025-05-21T20:59:05.913Z
sensor.seedlings_moisture,1.277045981819747,2025-05-21T21:00:05.911Z
sensor.seedlings_moisture,1.2880190040383452,2025-05-21T21:01:05.910Z
sensor.seedlings_moisture,1.29922712732112,2025-05-21T21:02:05.907Z
sensor.seedlings_moisture,1.3264161032292079,2025-05-21T21:03:05.908Z
sensor.seedlings_moisture,1.385752738672428,2025-05-21T21:04:05.907Z
sensor.seedlings_moisture,1.2724274967230362,2025-05-21T21:05:05.904Z
sensor.seedlings_moisture,1.3187295256204017,2025-05-21T21:06:05.905Z
sensor.seedlings_moisture,1.311470873737469,2025-05-21T21:07:05.901Z
sensor.seedlings_moisture,1.3005480046361086,2025-05-21T21:08:05.900Z
sensor.seedlings_moisture,1.3286519957286076,2025-05-21T21:09:05.898Z
sensor.seedlings_moisture,1.2854281717689733,2025-05-21T21:10:05.897Z
sensor.seedlings_moisture,1.282901310131959,2025-05-21T21:11:05.896Z
sensor.seedlings_moisture,1.261525553796641,2025-05-21T21:12:05.895Z
sensor.seedlings_moisture,1.2887325329515373,2025-05-21T21:13:05.893Z
sensor.seedlings_moisture,1.2693465408084108,2025-05-21T21:14:05.892Z
sensor.seedlings_moisture,1.3736133177000673,2025-05-21T21:15:05.890Z
sensor.seedlings_moisture,1.2724679651521862,2025-05-21T21:16:05.889Z
sensor.seedlings_moisture,1.4000601880076113,2025-05-21T21:17:05.888Z
sensor.seedlings_moisture,1.267450685288683,2025-05-21T21:18:05.888Z
sensor.seedlings_moisture,1.27652452439714,2025-05-21T21:19:05.891Z
sensor.seedlings_moisture,1.2802777854298208,2025-05-21T21:20:05.883Z
sensor.seedlings_moisture,1.296238805577496,2025-05-21T21:21:05.885Z
sensor.seedlings_moisture,1.285419730147423,2025-05-21T21:22:05.881Z
sensor.seedlings_moisture,1.2519376203566384,2025-05-21T21:23:05.879Z
sensor.seedlings_moisture,1.2497343591461667,2025-05-21T21:24:05.878Z
sensor.seedlings_moisture,1.2758317305428997,2025-05-21T21:25:05.878Z
sensor.seedlings_moisture,1.2649032377282077,2025-05-21T21:26:05.875Z
sensor.seedlings_moisture,1.2681422303189418,2025-05-21T21:27:05.881Z
sensor.seedlings_moisture,1.2268275642244235,2025-05-21T21:28:05.874Z
sensor.seedlings_moisture,1.2622714092142744,2025-05-21T21:29:05.878Z
sensor.seedlings_moisture,1.2633902899218876,2025-05-21T21:30:05.871Z
sensor.seedlings_moisture,1.2577981876899063,2025-05-21T21:31:05.868Z
sensor.seedlings_moisture,1.2227173384656345,2025-05-21T21:32:05.866Z
sensor.seedlings_moisture,1.2425914870468566,2025-05-21T21:33:05.867Z
sensor.seedlings_moisture,1.2364875554424573,2025-05-21T21:34:05.863Z
sensor.seedlings_moisture,1.3403902723189292,2025-05-21T21:35:05.862Z
sensor.seedlings_moisture,1.2427198418332233,2025-05-21T21:36:05.862Z
sensor.seedlings_moisture,1.2215226665402077,2025-05-21T21:37:05.858Z
sensor.seedlings_moisture,1.2185545817269767,2025-05-21T21:38:05.857Z
sensor.seedlings_moisture,1.2428535055778,2025-05-21T21:39:05.856Z
sensor.seedlings_moisture,1.2400795933281108,2025-05-21T21:40:05.855Z
sensor.seedlings_moisture,1.2665773935903435,2025-05-21T21:41:05.859Z
sensor.seedlings_moisture,1.2408998774328064,2025-05-21T21:42:05.851Z
sensor.seedlings_moisture,1.225061683894194,2025-05-21T21:43:05.850Z
sensor.seedlings_moisture,1.188889616320481,2025-05-21T21:44:05.848Z
sensor.seedlings_moisture,1.26154319896925,2025-05-21T21:45:05.845Z
sensor.seedlings_moisture,1.1965757049480912,2025-05-21T21:46:05.843Z
sensor.seedlings_moisture,1.2252557205587777,2025-05-21T21:47:05.842Z
sensor.seedlings_moisture,1.2074149368783442,2025-05-21T21:48:05.842Z
sensor.seedlings_moisture,1.2287738859032986,2025-05-21T21:49:05.841Z
sensor.seedlings_moisture,1.2154466705810074,2025-05-21T21:50:05.847Z
sensor.seedlings_moisture,1.2111278597789383,2025-05-21T21:51:05.838Z
sensor.seedlings_moisture,1.214823112710279,2025-05-21T21:52:05.845Z
sensor.seedlings_moisture,1.1669095696215874,2025-05-21T21:53:05.836Z
sensor.seedlings_moisture,1.281383419227695,2025-05-21T21:54:05.835Z
sensor.seedlings_moisture,1.2233360501251793,2025-05-21T21:55:05.832Z
sensor.seedlings_moisture,1.188024506318072,2025-05-21T21:56:05.831Z
sensor.seedlings_moisture,1.181513075929117,2025-05-21T21:57:05.829Z
sensor.seedlings_moisture,1.1981921268219067,2025-05-21T21:58:05.826Z
sensor.seedlings_moisture,1.1853969605639234,2025-05-21T21:59:05.825Z
sensor.seedlings_moisture,1.2255761208408311,2025-05-21T22:00:05.825Z
sensor.seedlings_moisture,1.2014391611701707,2025-05-21T22:01:05.823Z
sensor.seedlings_moisture,1.1816023284651227,2025-05-21T22:02:05.821Z
sensor.seedlings_moisture,1.1615967315530866,2025-05-21T22:03:05.822Z
sensor.seedlings_moisture,1.186889838176165,2025-05-21T22:04:05.822Z
sensor.seedlings_moisture,1.16696449162878,2025-05-21T22:05:05.820Z
sensor.seedlings_moisture,1.1752783244768574,2025-05-21T22:06:05.820Z
sensor.seedlings_moisture,1.1563281345872156,2025-05-21T22:07:05.815Z
sensor.seedlings_moisture,1.205395162436015,2025-05-21T22:08:05.815Z
sensor.seedlings_moisture,1.1496127990075953,2025-05-21T22:09:05.812Z
sensor.seedlings_moisture,1.1592425125696952,2025-05-21T22:10:05.810Z
sensor.seedlings_moisture,1.1494378541786774,2025-05-21T22:11:05.809Z
sensor.seedlings_moisture,1.1700026130196566,2025-05-21T22:12:05.807Z
sensor.seedlings_moisture,1.1667323432982712,2025-05-21T22:13:05.806Z
sensor.seedlings_moisture,1.1685943654530466,2025-05-21T22:14:05.805Z
sensor.seedlings_moisture,1.160885347464601,2025-05-21T22:15:05.804Z
sensor.seedlings_moisture,1.1538693957135662,2025-05-21T22:16:05.802Z
sensor.seedlings_moisture,1.1407098289375655,2025-05-21T22:17:05.801Z
sensor.seedlings_moisture,1.1687334868570274,2025-05-21T22:18:05.799Z
sensor.seedlings_moisture,1.159175288997189,2025-05-21T22:19:05.798Z
sensor.seedlings_moisture,1.1366544129444276,2025-05-21T22:20:05.796Z
sensor.seedlings_moisture,1.1522703417561517,2025-05-21T22:21:05.795Z
sensor.seedlings_moisture,1.1814574727972131,2025-05-21T22:22:05.793Z
sensor.seedlings_moisture,1.1646341331823526,2025-05-21T22:23:05.792Z
sensor.seedlings_moisture,1.151568198770173,2025-05-21T22:24:05.795Z
sensor.seedlings_moisture,1.1471760786671967,2025-05-21T22:25:05.789Z
sensor.seedlings_moisture,1.1600273183656924,2025-05-21T22:26:05.790Z
sensor.seedlings_moisture,1.157797871007854,2025-05-21T22:27:05.787Z
sensor.seedlings_moisture,1.1701864850720591,2025-05-21T22:28:05.784Z
sensor.seedlings_moisture,1.1295746337248562,2025-05-21T22:29:05.782Z
sensor.seedlings_moisture,1.1807622438584409,2025-05-21T22:30:05.781Z
sensor.seedlings_moisture,1.2268552678548041,2025-05-21T22:31:05.780Z
sensor.seedlings_moisture,1.1974746713536626,2025-05-21T22:32:05.779Z
sensor.seedlings_moisture,1.1339445062258173,2025-05-21T22:33:05.777Z
sensor.seedlings_moisture,1.1555355398686016,2025-05-21T22:34:05.776Z
sensor.seedlings_moisture,1.107245283215617,2025-05-21T22:35:05.774Z
sensor.seedlings_moisture,1.1291958258008656,2025-05-21T22:36:05.773Z
sensor.seedlings_moisture,1.149609002202066,2025-05-21T22:37:05.772Z
sensor.seedlings_moisture,1.1322877060683247,2025-05-21T22:38:05.770Z
sensor.seedlings_moisture,1.1240084705537112,2025-05-21T22:39:05.771Z
sensor.seedlings_moisture,1.154072156736003,2025-05-21T22:40:05.767Z
sensor.seedlings_moisture,1.2128781392406087,2025-05-21T22:41:05.765Z
sensor.seedlings_moisture,1.138243721971576,2025-05-21T22:42:05.764Z
sensor.seedlings_moisture,1.1314537957367263,2025-05-21T22:43:05.762Z
sensor.seedlings_moisture,1.1369766528144996,2025-05-21T22:44:05.761Z
sensor.seedlings_moisture,1.1111820071302583,2025-05-21T22:45:05.759Z
sensor.seedlings_moisture,1.1360443089323715,2025-05-21T22:46:05.758Z
sensor.seedlings_moisture,1.150677796650719,2025-05-21T22:47:05.756Z
sensor.seedlings_moisture,1.1045039521144349,2025-05-21T22:48:05.755Z
sensor.seedlings_moisture,1.1623824731898658,2025-05-21T22:49:05.753Z
sensor.seedlings_moisture,1.10256293324686,2025-05-21T22:50:05.751Z
sensor.seedlings_moisture,1.097717262181133,2025-05-21T22:51:05.750Z
sensor.seedlings_moisture,1.09727984172176,2025-05-21T22:52:05.749Z
sensor.seedlings_moisture,1.0966721539356967,2025-05-21T22:53:05.747Z
sensor.seedlings_moisture,1.1066676718412132,2025-05-21T22:54:05.746Z
sensor.seedlings_moisture,1.1301267682141845,2025-05-21T22:55:05.744Z
sensor.seedlings_moisture,1.0874371951067625,2025-05-21T22:56:05.743Z
sensor.seedlings_moisture,1.1459582569907634,2025-05-21T22:57:05.741Z
sensor.seedlings_moisture,1.1117129640792325,2025-05-21T22:58:05.740Z
sensor.seedlings_moisture,1.1421112343829933,2025-05-21T22:59:05.738Z
sensor.seedlings_moisture,1.1121375681848045,2025-05-21T23:00:05.741Z
sensor.seedlings_moisture,1.1230015980384789,2025-05-21T23:01:05.741Z
sensor.seedlings_moisture,1.1186773814993014,2025-05-21T23:02:05.734Z
sensor.seedlings_moisture,1.122842979807792,2025-05-21T23:03:05.732Z
sensor.seedlings_moisture,1.145609027474458,2025-05-21T23:04:05.731Z
sensor.seedlings_moisture,1.171186161139764,2025-05-21T23:05:05.729Z
sensor.seedlings_moisture,1.130472335316758,2025-05-21T23:06:05.728Z
sensor.seedlings_moisture,1.1352105073682124,2025-05-21T23:07:05.726Z
sensor.seedlings_moisture,1.1225009870668137,2025-05-21T23:08:05.725Z
sensor.seedlings_moisture,1.11531477451735,2025-05-21T23:09:05.723Z
sensor.seedlings_moisture,1.1035709501684041,2025-05-21T23:10:05.722Z
sensor.seedlings_moisture,1.1474835839144475,2025-05-21T23:11:05.720Z
sensor.seedlings_moisture,1.1370077699717864,2025-05-21T23:12:05.724Z
sensor.seedlings_moisture,1.1210433480277813,2025-05-21T23:13:05.718Z
sensor.seedlings_moisture,1.0935349007967925,2025-05-21T23:14:05.717Z
sensor.seedlings_moisture,1.0936741967008974,2025-05-21T23:15:05.716Z
sensor.seedlings_moisture,1.140505007011542,2025-05-21T23:16:05.714Z
sensor.seedlings_moisture,1.1134603514251087,2025-05-21T23:17:05.712Z
sensor.seedlings_moisture,1.135457685644502,2025-05-21T23:18:05.716Z
sensor.seedlings_moisture,1.1227657334882544,2025-05-21T23:19:05.709Z
sensor.seedlings_moisture,1.1482040420531752,2025-05-21T23:20:05.708Z
sensor.seedlings_moisture,1.1563479784161577,2025-05-21T23:21:05.707Z
sensor.seedlings_moisture,1.1273373353129439,2025-05-21T23:22:05.705Z
sensor.seedlings_moisture,1.130985693614385,2025-05-21T23:23:05.703Z
sensor.seedlings_moisture,1.1084993752690295,2025-05-21T23:24:05.702Z
sensor.seedlings_moisture,1.0985539820272323,2025-05-21T23:25:05.701Z
sensor.seedlings_moisture,1.0996278298115818,2025-05-21T23:26:05.706Z
sensor.seedlings_moisture,1.1302200575539696,2025-05-21T23:27:05.699Z
sensor.seedlings_moisture,1.1216110344785486,2025-05-21T23:28:05.696Z
sensor.seedlings_moisture,1.089896993063376,2025-05-21T23:29:05.695Z
sensor.seedlings_moisture,1.0839655727155038,2025-05-21T23:30:05.696Z
sensor.seedlings_moisture,1.0886504911818988,2025-05-21T23:31:05.692Z
sensor.seedlings_moisture,1.2082657655863407,2025-05-21T23:32:05.695Z
sensor.seedlings_moisture,1.0871195020908861,2025-05-21T23:33:05.689Z
sensor.seedlings_moisture,1.089406506349492,2025-05-21T23:34:05.687Z
sensor.seedlings_moisture,1.078745650974233,2025-05-21T23:35:05.691Z
sensor.seedlings_moisture,1.0949821623587752,2025-05-21T23:36:05.695Z
sensor.seedlings_moisture,1.0952930855137204,2025-05-21T23:37:05.688Z
sensor.seedlings_moisture,1.1053574037294895,2025-05-21T23:38:05.683Z
sensor.seedlings_moisture,1.087483032211506,2025-05-21T23:39:05.690Z
sensor.seedlings_moisture,1.118213114233114,2025-05-21T23:40:05.679Z
sensor.seedlings_moisture,1.1232902203962407,2025-05-21T23:41:05.680Z
sensor.seedlings_moisture,1.143182706212255,2025-05-21T23:42:05.676Z
sensor.seedlings_moisture,1.1302895681457035,2025-05-21T23:43:05.674Z
sensor.seedlings_moisture,1.1072711451051187,2025-05-21T23:44:05.673Z
sensor.seedlings_moisture,1.1273689489385688,2025-05-21T23:45:05.671Z
sensor.seedlings_moisture,1.1240094919769785,2025-05-21T23:46:05.670Z
sensor.seedlings_moisture,1.1141346571704014,2025-05-21T23:47:05.669Z
sensor.seedlings_moisture,1.1011477538107877,2025-05-21T23:48:05.667Z
sensor.seedlings_moisture,1.1299117983872482,2025-05-21T23:49:05.670Z
sensor.seedlings_moisture,1.0788588229357676,2025-05-21T23:50:05.665Z
sensor.seedlings_moisture,1.0919146117856022,2025-05-21T23:51:05.668Z
sensor.seedlings_moisture,1.099860684959322,2025-05-21T23:52:05.664Z
sensor.seedlings_moisture,1.0959737485707306,2025-05-21T23:53:05.665Z
sensor.seedlings_moisture,1.127700257637831,2025-05-21T23:54:05.659Z
sensor.seedlings_moisture,1.0511991920815877,2025-05-21T23:55:05.657Z
sensor.seedlings_moisture,1.1454724086149126,2025-05-21T23:56:05.656Z
sensor.seedlings_moisture,1.1027778888642013,2025-05-21T23:57:05.657Z
sensor.seedlings_moisture,1.1062924871360038,2025-05-21T23:58:05.652Z
sensor.seedlings_moisture,1.13617894269449,2025-05-21T23:59:05.655Z
sensor.seedlings_moisture,1.0839217832567543,2025-05-22T00:00:05.652Z
sensor.seedlings_moisture,1.0891293178139725,2025-05-22T00:01:05.649Z
sensor.seedlings_moisture,1.1069299347085593,2025-05-22T00:02:05.649Z
sensor.seedlings_moisture,1.1025369665099136,2025-05-22T00:03:05.648Z
sensor.seedlings_moisture,1.0801244951213655,2025-05-22T00:04:05.645Z
sensor.seedlings_moisture,1.152463489604062,2025-05-22T00:05:05.645Z
sensor.seedlings_moisture,1.0713295084317358,2025-05-22T00:06:05.642Z
sensor.seedlings_moisture,1.085950887466836,2025-05-22T00:07:05.640Z
sensor.seedlings_moisture,1.1098791541467536,2025-05-22T00:08:05.639Z
sensor.seedlings_moisture,1.1287379516975233,2025-05-22T00:09:05.637Z
sensor.seedlings_moisture,1.112543755781796,2025-05-22T00:10:05.636Z
sensor.seedlings_moisture,1.120950266969691,2025-05-22T00:11:05.635Z
sensor.seedlings_moisture,1.0762547329060543,2025-05-22T00:12:05.642Z
sensor.seedlings_moisture,1.0980525978043407,2025-05-22T00:13:05.632Z
sensor.seedlings_moisture,1.0720701415088778,2025-05-22T00:14:05.630Z
sensor.seedlings_moisture,1.0694770460660268,2025-05-22T00:15:05.629Z
sensor.seedlings_moisture,1.0874128473132445,2025-05-22T00:16:05.627Z
sensor.seedlings_moisture,1.111597572526648,2025-05-22T00:17:05.626Z
sensor.seedlings_moisture,1.0997968790800126,2025-05-22T00:18:05.634Z
sensor.seedlings_moisture,1.1082817729129135,2025-05-22T00:19:05.623Z
sensor.seedlings_moisture,1.1274854976479367,2025-05-22T00:20:05.622Z
sensor.seedlings_moisture,1.1521723822004626,2025-05-22T00:21:05.623Z
sensor.seedlings_moisture,1.0598444579060522,2025-05-22T00:22:05.618Z
sensor.seedlings_moisture,1.0904321813007662,2025-05-22T00:23:05.617Z
sensor.seedlings_moisture,1.0670335807187723,2025-05-22T00:24:05.615Z
sensor.seedlings_moisture,1.06556754728537,2025-05-22T00:25:05.614Z
sensor.seedlings_moisture,1.0461734625097248,2025-05-22T00:26:05.613Z
sensor.seedlings_moisture,1.0796876146040386,2025-05-22T00:27:05.611Z
sensor.seedlings_moisture,1.0873218328880971,2025-05-22T00:28:05.610Z
sensor.seedlings_moisture,1.0650341671532162,2025-05-22T00:29:05.608Z
sensor.seedlings_moisture,1.113655719541303,2025-05-22T00:30:05.607Z
sensor.seedlings_moisture,1.083349285811234,2025-05-22T00:31:05.605Z
sensor.seedlings_moisture,1.121356020453053,2025-05-22T00:32:05.606Z
sensor.seedlings_moisture,1.1365609409382271,2025-05-22T00:33:05.604Z
sensor.seedlings_moisture,1.1105839318307795,2025-05-22T00:34:05.601Z
sensor.seedlings_moisture,1.088861072352855,2025-05-22T00:35:05.599Z
sensor.seedlings_moisture,1.0751229705502086,2025-05-22T00:36:05.597Z
sensor.seedlings_moisture,1.0690427003734395,2025-05-22T00:37:05.597Z
sensor.seedlings_moisture,1.0588617496216,2025-05-22T00:38:05.596Z
sensor.seedlings_moisture,1.0821435377565614,2025-05-22T00:39:05.594Z
sensor.seedlings_moisture,1.1751247545080694,2025-05-22T00:40:05.592Z
sensor.seedlings_moisture,1.0859047936217752,2025-05-22T00:41:05.594Z
sensor.seedlings_moisture,1.0540298290702,2025-05-22T00:42:05.589Z
sensor.seedlings_moisture,1.1108049739800188,2025-05-22T00:43:05.587Z
sensor.seedlings_moisture,1.11788548672199,2025-05-22T00:44:05.613Z
sensor.seedlings_moisture,1.067868739841049,2025-05-22T00:45:05.584Z
sensor.seedlings_moisture,1.0713289240163113,2025-05-22T00:46:05.583Z
sensor.seedlings_moisture,1.0803693139046362,2025-05-22T00:47:05.582Z
sensor.seedlings_moisture,1.1395947876048467,2025-05-22T00:48:05.580Z
sensor.seedlings_moisture,1.077370263716629,2025-05-22T00:49:05.583Z
sensor.seedlings_moisture,1.1051204660210368,2025-05-22T00:50:05.579Z
sensor.seedlings_moisture,1.090399818685796,2025-05-22T00:51:05.576Z
sensor.seedlings_moisture,1.0793669283655232,2025-05-22T00:52:05.574Z
sensor.seedlings_moisture,1.0664127063898927,2025-05-22T00:53:05.573Z
sensor.seedlings_moisture,1.136768078139084,2025-05-22T00:54:05.575Z
sensor.seedlings_moisture,1.0594802555072673,2025-05-22T00:55:05.570Z
sensor.seedlings_moisture,1.1080215199366543,2025-05-22T00:56:05.568Z
sensor.seedlings_moisture,1.0752946850223053,2025-05-22T00:57:05.567Z
sensor.seedlings_moisture,1.0965579773129224,2025-05-22T00:58:05.567Z
sensor.seedlings_moisture,1.0961585116467452,2025-05-22T00:59:05.562Z
sensor.seedlings_moisture,1.0896670566637774,2025-05-22T01:00:05.562Z
sensor.seedlings_moisture,1.089149238188127,2025-05-22T01:01:05.562Z
sensor.seedlings_moisture,1.0607338958286159,2025-05-22T01:02:05.560Z
sensor.seedlings_moisture,1.077750710641149,2025-05-22T01:03:05.556Z
sensor.seedlings_moisture,1.0889883244464578,2025-05-22T01:04:05.558Z
sensor.seedlings_moisture,1.0576827637461195,2025-05-22T01:05:05.555Z
sensor.seedlings_moisture,1.106240602077982,2025-05-22T01:06:05.557Z
sensor.seedlings_moisture,1.0759797718492412,2025-05-22T01:07:05.552Z
sensor.seedlings_moisture,1.0856425571723478,2025-05-22T01:08:05.550Z
sensor.seedlings_moisture,1.067504216650121,2025-05-22T01:09:05.549Z
sensor.seedlings_moisture,1.1098573304651622,2025-05-22T01:10:05.547Z
sensor.seedlings_moisture,1.0435736372815858,2025-05-22T01:11:05.548Z
sensor.seedlings_moisture,1.0579400347010233,2025-05-22T01:12:05.544Z
sensor.seedlings_moisture,1.04950431071816,2025-05-22T01:13:05.542Z
sensor.seedlings_moisture,1.0690888156647982,2025-05-22T01:14:05.549Z
sensor.seedlings_moisture,1.0903888161558253,2025-05-22T01:15:05.540Z
sensor.seedlings_moisture,1.05659373292024,2025-05-22T01:16:05.540Z
sensor.seedlings_moisture,1.086012005723334,2025-05-22T01:17:05.537Z
sensor.seedlings_moisture,1.035827593548294,2025-05-22T01:18:05.543Z
sensor.seedlings_moisture,1.0883916470566106,2025-05-22T01:19:05.534Z
sensor.seedlings_moisture,1.0473294528920856,2025-05-22T01:20:05.533Z
sensor.seedlings_moisture,1.0562351985419083,2025-05-22T01:21:05.531Z
sensor.seedlings_moisture,1.0645726482682893,2025-05-22T01:22:05.531Z
sensor.seedlings_moisture,1.101705508095741,2025-05-22T01:23:05.528Z
sensor.seedlings_moisture,1.112954356872943,2025-05-22T01:24:05.526Z
sensor.seedlings_moisture,1.074913909686292,2025-05-22T01:25:05.527Z
sensor.seedlings_moisture,1.0727463105434236,2025-05-22T01:26:05.524Z
sensor.seedlings_moisture,1.0644957977240272,2025-05-22T01:27:05.528Z
sensor.seedlings_moisture,1.0552041826655572,2025-05-22T01:28:05.521Z
sensor.seedlings_moisture,1.0766158780165667,2025-05-22T01:29:05.520Z
sensor.seedlings_moisture,1.088454964615986,2025-05-22T01:30:05.518Z
sensor.seedlings_moisture,1.0681026312357809,2025-05-22T01:31:05.516Z
sensor.seedlings_moisture,1.0622799223506045,2025-05-22T01:32:05.518Z
sensor.seedlings_moisture,1.0613539256180105,2025-05-22T01:33:05.513Z
sensor.seedlings_moisture,1.063444199675805,2025-05-22T01:34:05.521Z
sensor.seedlings_moisture,1.0746496499425,2025-05-22T01:35:05.512Z
sensor.seedlings_moisture,1.0341101985501258,2025-05-22T01:36:05.509Z
sensor.seedlings_moisture,1.1350346763540309,2025-05-22T01:37:05.508Z
sensor.seedlings_moisture,1.060646225337635,2025-05-22T01:38:05.506Z
sensor.seedlings_moisture,1.117117696393297,2025-05-22T01:39:05.513Z
sensor.seedlings_moisture,1.0519447554124635,2025-05-22T01:40:05.504Z
sensor.seedlings_moisture,1.0733239895277988,2025-05-22T01:41:05.501Z
sensor.seedlings_moisture,1.0831561576256972,2025-05-22T01:42:05.500Z
sensor.seedlings_moisture,1.154631613394448,2025-05-22T01:43:05.498Z
sensor.seedlings_moisture,1.089937351520048,2025-05-22T01:44:05.496Z
sensor.seedlings_moisture,1.0740323016732238,2025-05-22T01:45:05.500Z
sensor.seedlings_moisture,1.0690025880170242,2025-05-22T01:46:05.494Z
sensor.seedlings_moisture,1.05900775305782,2025-05-22T01:47:05.503Z
sensor.seedlings_moisture,1.11082143779509,2025-05-22T01:48:05.491Z
sensor.seedlings_moisture,1.057885540313045,2025-05-22T01:49:05.489Z
sensor.seedlings_moisture,1.09099013677543,2025-05-22T01:50:05.496Z
sensor.seedlings_moisture,1.075063366716949,2025-05-22T01:51:05.486Z
sensor.seedlings_moisture,1.076372617300105,2025-05-22T01:52:05.485Z
sensor.seedlings_moisture,1.0531532837250013,2025-05-22T01:53:05.486Z
sensor.seedlings_moisture,1.181668005381048,2025-05-22T01:54:05.482Z
sensor.seedlings_moisture,1.0695803583900367,2025-05-22T01:55:05.481Z
sensor.seedlings_moisture,1.0601327669301266,2025-05-22T01:56:05.479Z
sensor.seedlings_moisture,1.0767689825374185,2025-05-22T01:57:05.478Z
sensor.seedlings_moisture,1.0680036025994668,2025-05-22T01:58:05.476Z
sensor.seedlings_moisture,1.0284989718259936,2025-05-22T01:59:05.479Z
sensor.seedlings_moisture,1.0972260614756992,2025-05-22T02:00:05.473Z
sensor.seedlings_moisture,1.0395173608985016,2025-05-22T02:01:05.477Z
sensor.seedlings_moisture,1.0762852966496328,2025-05-22T02:02:05.470Z
sensor.seedlings_moisture,1.1066071250290157,2025-05-22T02:03:05.471Z
sensor.seedlings_moisture,1.0530266964368162,2025-05-22T02:04:05.472Z
sensor.seedlings_moisture,1.084338833214244,2025-05-22T02:05:05.466Z
sensor.seedlings_moisture,1.068141656684715,2025-05-22T02:06:05.464Z
sensor.seedlings_moisture,1.0722263655181041,2025-05-22T02:07:05.463Z
sensor.seedlings_moisture,1.0665422092915862,2025-05-22T02:08:05.462Z
sensor.seedlings_moisture,1.0202110127787032,2025-05-22T02:09:05.460Z
sensor.seedlings_moisture,1.0830278121183012,2025-05-22T02:10:05.462Z
sensor.seedlings_moisture,1.0387638372194323,2025-05-22T02:11:05.457Z
sensor.seedlings_moisture,1.0629064490082343,2025-05-22T02:12:05.455Z
sensor.seedlings_moisture,1.07704748253037,2025-05-22T02:13:05.467Z
sensor.seedlings_moisture,1.0422641114744313,2025-05-22T02:14:05.457Z
sensor.seedlings_moisture,1.069167222264977,2025-05-22T02:15:05.451Z
sensor.seedlings_moisture,1.0902405123207244,2025-05-22T02:16:05.452Z
sensor.seedlings_moisture,1.0836397488939293,2025-05-22T02:17:05.449Z
sensor.seedlings_moisture,1.0537083882485851,2025-05-22T02:18:05.446Z
sensor.seedlings_moisture,1.0244068603838343,2025-05-22T02:19:05.445Z
sensor.seedlings_moisture,1.0635699673860897,2025-05-22T02:20:05.444Z
sensor.seedlings_moisture,1.0502401731947812,2025-05-22T02:21:05.442Z
sensor.seedlings_moisture,1.1683654528531604,2025-05-22T02:22:05.445Z
sensor.seedlings_moisture,1.0478045921699515,2025-05-22T02:23:05.440Z
sensor.seedlings_moisture,1.1141714786624113,2025-05-22T02:24:05.444Z
sensor.seedlings_moisture,1.0928298936563987,2025-05-22T02:25:05.437Z
sensor.seedlings_moisture,1.0623863827078026,2025-05-22T02:26:05.435Z
sensor.seedlings_moisture,1.05672155499805,2025-05-22T02:27:05.434Z
sensor.seedlings_moisture,1.0550707229710437,2025-05-22T02:28:05.433Z
sensor.seedlings_moisture,1.0530466817870052,2025-05-22T02:29:05.431Z
sensor.seedlings_moisture,1.0633874537582764,2025-05-22T02:30:05.430Z
sensor.seedlings_moisture,1.0828761582091757,2025-05-22T02:31:05.428Z
sensor.seedlings_moisture,1.0455978130111347,2025-05-22T02:32:05.426Z
sensor.seedlings_moisture,1.1331681870986086,2025-05-22T02:33:05.425Z
sensor.seedlings_moisture,1.081238975285288,2025-05-22T02:34:05.422Z
sensor.seedlings_moisture,1.0914831112962533,2025-05-22T02:35:05.422Z
sensor.seedlings_moisture,1.0643281776601072,2025-05-22T02:36:05.419Z
sensor.seedlings_moisture,1.0759931288913573,2025-05-22T02:37:05.419Z
sensor.seedlings_moisture,1.071305169167398,2025-05-22T02:38:05.418Z
sensor.seedlings_moisture,1.0777407624232034,2025-05-22T02:39:05.416Z
sensor.seedlings_moisture,1.037748083788197,2025-05-22T02:40:05.417Z
sensor.seedlings_moisture,1.029698075360752,2025-05-22T02:41:05.413Z
sensor.seedlings_moisture,1.06341316503226,2025-05-22T02:42:05.414Z
sensor.seedlings_moisture,1.0612282914762536,2025-05-22T02:43:05.410Z
sensor.seedlings_moisture,1.0615967053896869,2025-05-22T02:44:05.409Z
sensor.seedlings_moisture,1.0840479877255393,2025-05-22T02:45:05.407Z
sensor.seedlings_moisture,1.0430776121699412,2025-05-22T02:46:05.406Z
sensor.seedlings_moisture,1.089679129375871,2025-05-22T02:47:05.404Z
sensor.seedlings_moisture,1.0489627486007764,2025-05-22T02:48:05.402Z
sensor.seedlings_moisture,1.0443793885685935,2025-05-22T02:49:05.401Z
sensor.seedlings_moisture,1.0623819125822325,2025-05-22T02:50:05.400Z
sensor.seedlings_moisture,1.0718967953399747,2025-05-22T02:51:05.397Z
sensor.seedlings_moisture,1.0519050933780967,2025-05-22T02:52:05.399Z
sensor.seedlings_moisture,1.0418192105508528,2025-05-22T02:53:05.395Z
sensor.seedlings_moisture,1.03764839595399,2025-05-22T02:54:05.394Z
sensor.seedlings_moisture,1.0271440049134575,2025-05-22T02:55:05.395Z
sensor.seedlings_moisture,1.050402715511553,2025-05-22T02:56:05.391Z
sensor.seedlings_moisture,1.0443758932952383,2025-05-22T02:57:05.389Z
sensor.seedlings_moisture,1.078213055565845,2025-05-22T02:58:05.391Z
sensor.seedlings_moisture,1.0291004648783495,2025-05-22T02:59:05.386Z
sensor.seedlings_moisture,1.0724544092634085,2025-05-22T03:00:05.385Z
sensor.seedlings_moisture,1.0329001457938383,2025-05-22T03:01:05.383Z
sensor.seedlings_moisture,1.0730839143398545,2025-05-22T03:02:05.382Z
sensor.seedlings_moisture,1.039829990140502,2025-05-22T03:03:05.380Z
sensor.seedlings_moisture,1.0299478168761633,2025-05-22T03:04:05.379Z
sensor.seedlings_moisture,1.021283140895379,2025-05-22T03:05:05.377Z
sensor.seedlings_moisture,1.099464570595806,2025-05-22T03:06:05.382Z
sensor.seedlings_moisture,1.040578119431578,2025-05-22T03:07:05.379Z
sensor.seedlings_moisture,1.0397514079750967,2025-05-22T03:08:05.380Z
sensor.seedlings_moisture,1.0607919846330427,2025-05-22T03:09:05.371Z
sensor.seedlings_moisture,1.0340321974695135,2025-05-22T03:10:05.370Z
sensor.seedlings_moisture,1.0895980061950692,2025-05-22T03:11:05.369Z
sensor.seedlings_moisture,1.0617906487244115,2025-05-22T03:12:05.367Z
sensor.seedlings_moisture,1.0345540777787463,2025-05-22T03:13:05.366Z
sensor.seedlings_moisture,1.028903272349479,2025-05-22T03:14:05.364Z
sensor.seedlings_moisture,1.0559229046138736,2025-05-22T03:15:05.363Z
sensor.seedlings_moisture,1.045850522144728,2025-05-22T03:16:05.363Z
sensor.seedlings_moisture,1.0223757256193668,2025-05-22T03:17:05.359Z
sensor.seedlings_moisture,1.0536441352169086,2025-05-22T03:18:05.358Z
sensor.seedlings_moisture,1.049743055833004,2025-05-22T03:19:05.356Z
sensor.seedlings_moisture,1.0913866605521116,2025-05-22T03:20:05.355Z
sensor.seedlings_moisture,1.0443212036541265,2025-05-22T03:21:05.351Z
sensor.seedlings_moisture,1.0512747821364388,2025-05-22T03:22:05.355Z
sensor.seedlings_moisture,1.0823322777591857,2025-05-22T03:23:05.354Z
sensor.seedlings_moisture,1.0558743689724341,2025-05-22T03:24:05.351Z
sensor.seedlings_moisture,1.0381149766170474,2025-05-22T03:25:05.348Z
sensor.seedlings_moisture,1.1301382369896693,2025-05-22T03:26:05.348Z
sensor.seedlings_moisture,1.0498791528103846,2025-05-22T03:27:05.349Z
sensor.seedlings_moisture,1.0470019875103542,2025-05-22T03:28:05.343Z
sensor.seedlings_moisture,1.046407235503587,2025-05-22T03:29:05.344Z
sensor.seedlings_moisture,1.0767809858801396,2025-05-22T03:30:05.344Z
sensor.seedlings_moisture,1.0395353261216522,2025-05-22T03:31:05.339Z
sensor.seedlings_moisture,1.0677204828805353,2025-05-22T03:32:05.337Z
sensor.seedlings_moisture,1.0724213429538614,2025-05-22T03:33:05.336Z
sensor.seedlings_moisture,1.054930814894377,2025-05-22T03:34:05.334Z
sensor.seedlings_moisture,1.0104884333209732,2025-05-22T03:35:05.333Z
sensor.seedlings_moisture,1.0364328490698353,2025-05-22T03:36:05.331Z
sensor.seedlings_moisture,1.0760136993893212,2025-05-22T03:37:05.331Z
sensor.seedlings_moisture,1.094401995159829,2025-05-22T03:38:05.328Z
sensor.seedlings_moisture,1.0713624982454224,2025-05-22T03:39:05.327Z
sensor.seedlings_moisture,1.0567039922066477,2025-05-22T03:40:05.327Z
sensor.seedlings_moisture,1.039729147074625,2025-05-22T03:41:05.333Z
sensor.seedlings_moisture,1.0465837817870558,2025-05-22T03:42:05.322Z
sensor.seedlings_moisture,1.029202444758165,2025-05-22T03:43:05.321Z
sensor.seedlings_moisture,1.000723037940085,2025-05-22T03:44:05.318Z
sensor.seedlings_moisture,1.0202390756684994,2025-05-22T03:45:05.317Z
sensor.seedlings_moisture,1.001453984739145,2025-05-22T03:46:05.315Z
sensor.seedlings_moisture,1.0058443757509021,2025-05-22T03:47:05.314Z
sensor.seedlings_moisture,1.0214667457936555,2025-05-22T03:48:05.313Z
sensor.seedlings_moisture,1.034915648331114,2025-05-22T03:49:05.315Z
sensor.seedlings_moisture,1.035493464618415,2025-05-22T03:50:05.322Z
sensor.seedlings_moisture,1.105734566901569,2025-05-22T03:51:05.308Z
sensor.seedlings_moisture,1.0924883150705316,2025-05-22T03:52:05.306Z
sensor.seedlings_moisture,1.0507093933104128,2025-05-22T03:53:05.305Z
sensor.seedlings_moisture,1.0241081031989407,2025-05-22T03:54:05.303Z
sensor.seedlings_moisture,1.0274510739020062,2025-05-22T03:55:05.302Z
sensor.seedlings_moisture,1.0518305873494218,2025-05-22T03:56:05.300Z
sensor.seedlings_moisture,1.0957594841430975,2025-05-22T03:57:05.298Z
sensor.seedlings_moisture,1.0668767919279933,2025-05-22T03:58:05.296Z
sensor.seedlings_moisture,1.0172162404369456,2025-05-22T03:59:05.295Z
sensor.seedlings_moisture,1.035571123632015,2025-05-22T04:00:05.294Z
sensor.seedlings_moisture,1.045395109676365,2025-05-22T04:01:05.292Z
sensor.seedlings_moisture,1.0369877044011613,2025-05-22T04:02:05.293Z
sensor.seedlings_moisture,1.022705783013253,2025-05-22T04:03:05.289Z
sensor.seedlings_moisture,1.0616639549862608,2025-05-22T04:04:05.288Z
sensor.seedlings_moisture,1.0428133386144811,2025-05-22T04:05:05.286Z
sensor.seedlings_moisture,1.0741815000633084,2025-05-22T04:06:05.285Z
sensor.seedlings_moisture,1.0377739463709805,2025-05-22T04:07:05.285Z
sensor.seedlings_moisture,1.0320154132440118,2025-05-22T04:08:05.282Z
sensor.seedlings_moisture,1.0479189061037744,2025-05-22T04:09:05.280Z
sensor.seedlings_moisture,1.0398798775199265,2025-05-22T04:10:05.278Z
sensor.seedlings_moisture,1.107316006609363,2025-05-22T04:11:05.281Z
sensor.seedlings_moisture,1.035501377138699,2025-05-22T04:12:05.277Z
sensor.seedlings_moisture,1.08703596732301,2025-05-22T04:13:05.274Z
sensor.seedlings_moisture,1.0405933727742418,2025-05-22T04:14:05.273Z
sensor.seedlings_moisture,1.0373244888728448,2025-05-22T04:15:05.271Z
sensor.seedlings_moisture,1.0702243348806573,2025-05-22T04:16:05.271Z
sensor.seedlings_moisture,1.0464862817174114,2025-05-22T04:17:05.268Z
sensor.seedlings_moisture,1.0615912927195372,2025-05-22T04:18:05.266Z
sensor.seedlings_moisture,1.0600509946256773,2025-05-22T04:19:05.265Z
sensor.seedlings_moisture,1.0705557865223343,2025-05-22T04:20:05.264Z
sensor.seedlings_moisture,1.064459524897149,2025-05-22T04:21:05.263Z
sensor.seedlings_moisture,1.0266400898255539,2025-05-22T04:22:05.261Z
sensor.seedlings_moisture,1.0568675366017162,2025-05-22T04:23:05.261Z
sensor.seedlings_moisture,1.0417260731382334,2025-05-22T04:24:05.259Z
sensor.seedlings_moisture,1.0829817553373855,2025-05-22T04:25:05.258Z
sensor.seedlings_moisture,1.0642960081750104,2025-05-22T04:26:05.256Z
sensor.seedlings_moisture,1.0747428897621327,2025-05-22T04:27:05.255Z
sensor.seedlings_moisture,1.043195801952417,2025-05-22T04:28:05.254Z
sensor.seedlings_moisture,1.0896490733149642,2025-05-22T04:29:05.252Z
sensor.seedlings_moisture,1.0585341825537835,2025-05-22T04:30:05.265Z
sensor.seedlings_moisture,1.069677049966302,2025-05-22T04:31:05.252Z
sensor.seedlings_moisture,1.0211025340566477,2025-05-22T04:32:05.248Z
sensor.seedlings_moisture,1.0064343164769134,2025-05-22T04:33:05.247Z
sensor.seedlings_moisture,1.0474002026081313,2025-05-22T04:34:05.246Z
sensor.seedlings_moisture,1.10679597905567,2025-05-22T04:35:05.246Z
sensor.seedlings_moisture,1.0182381774130236,2025-05-22T04:36:05.244Z
sensor.seedlings_moisture,1.0226533159122524,2025-05-22T04:37:05.247Z
sensor.seedlings_moisture,1.0744694343156036,2025-05-22T04:38:05.264Z
sensor.seedlings_moisture,1.061439773674578,2025-05-22T04:39:05.238Z
sensor.seedlings_moisture,1.056774268320988,2025-05-22T04:40:05.236Z
sensor.seedlings_moisture,1.0425890740647785,2025-05-22T04:41:05.235Z
sensor.seedlings_moisture,1.0297982746796743,2025-05-22T04:42:05.233Z
sensor.seedlings_moisture,1.0361211071529457,2025-05-22T04:43:05.233Z
sensor.seedlings_moisture,1.0244769355251444,2025-05-22T04:44:05.230Z
sensor.seedlings_moisture,1.052040972081836,2025-05-22T04:45:05.228Z
sensor.seedlings_moisture,1.0306549294247629,2025-05-22T04:46:05.227Z
sensor.seedlings_moisture,1.0928656705314344,2025-05-22T04:47:05.226Z
sensor.seedlings_moisture,1.0598134606691956,2025-05-22T04:48:05.224Z
sensor.seedlings_moisture,1.0410789466883383,2025-05-22T04:49:05.223Z
sensor.seedlings_moisture,1.0292108466800904,2025-05-22T04:50:05.222Z
sensor.seedlings_moisture,1.0437822071982126,2025-05-22T04:51:05.225Z
sensor.seedlings_moisture,1.068178257244739,2025-05-22T04:52:05.220Z
sensor.seedlings_moisture,1.0326452069672114,2025-05-22T04:53:05.217Z
sensor.seedlings_moisture,1.0213658331547566,2025-05-22T04:54:05.215Z
sensor.seedlings_moisture,1.010971850712463,2025-05-22T04:55:05.213Z
sensor.seedlings_moisture,1.0516695541176904,2025-05-22T04:56:05.211Z
sensor.seedlings_moisture,1.0265774511468837,2025-05-22T04:57:05.216Z
sensor.seedlings_moisture,1.081851811629756,2025-05-22T04:58:05.209Z
sensor.seedlings_moisture,1.0506953237121293,2025-05-22T04:59:05.207Z
sensor.seedlings_moisture,1.0309453706733733,2025-05-22T05:00:05.205Z
sensor.seedlings_moisture,1.0704103565263507,2025-05-22T05:01:05.205Z
sensor.seedlings_moisture,1.0735081797394916,2025-05-22T05:02:05.202Z
sensor.seedlings_moisture,1.0418574213017409,2025-05-22T05:03:05.200Z
sensor.seedlings_moisture,1.1531290824724365,2025-05-22T05:04:05.198Z
sensor.seedlings_moisture,1.040176774733154,2025-05-22T05:05:05.197Z
sensor.seedlings_moisture,1.037617636290467,2025-05-22T05:06:05.195Z
sensor.seedlings_moisture,1.069655832624212,2025-05-22T05:07:05.194Z
sensor.seedlings_moisture,1.0492164702022557,2025-05-22T05:08:05.194Z
sensor.seedlings_moisture,1.0458518591921637,2025-05-22T05:09:05.191Z
sensor.seedlings_moisture,1.0954029495904327,2025-05-22T05:10:05.194Z
sensor.seedlings_moisture,1.0313268375032727,2025-05-22T05:11:05.198Z
sensor.seedlings_moisture,1.0372779064179,2025-05-22T05:12:05.185Z
sensor.seedlings_moisture,1.014347081021722,2025-05-22T05:13:05.184Z
sensor.seedlings_moisture,1.0365012824987923,2025-05-22T05:14:05.185Z
sensor.seedlings_moisture,0.9990258951003675,2025-05-22T05:15:05.183Z
sensor.seedlings_moisture,1.0515057879120309,2025-05-22T05:16:05.180Z
sensor.seedlings_moisture,1.0192643447050547,2025-05-22T05:17:05.178Z
sensor.seedlings_moisture,1.0783195102903342,2025-05-22T05:18:05.181Z
sensor.seedlings_moisture,1.0551650183833128,2025-05-22T05:19:05.175Z
sensor.seedlings_moisture,1.0471857874755264,2025-05-22T05:20:05.174Z
sensor.seedlings_moisture,1.0152658139149757,2025-05-22T05:21:05.172Z
sensor.seedlings_moisture,1.0392191321126234,2025-05-22T05:22:05.171Z
sensor.seedlings_moisture,1.0238388289838536,2025-05-22T05:23:05.172Z
sensor.seedlings_moisture,1.0968875760050805,2025-05-22T05:24:05.167Z
sensor.seedlings_moisture,1.0941065631399423,2025-05-22T05:25:05.175Z
sensor.seedlings_moisture,1.037167030342415,2025-05-22T05:26:05.174Z
sensor.seedlings_moisture,1.0248358981489631,2025-05-22T05:27:05.181Z
sensor.seedlings_moisture,1.0809954313604258,2025-05-22T05:28:05.161Z
sensor.seedlings_moisture,1.0434157200317205,2025-05-22T05:29:05.162Z
sensor.seedlings_moisture,1.0158471723229907,2025-05-22T05:30:05.159Z
sensor.seedlings_moisture,1.0494433122299975,2025-05-22T05:31:05.157Z
sensor.seedlings_moisture,1.0213306200557521,2025-05-22T05:32:05.156Z
sensor.seedlings_moisture,1.037669719696381,2025-05-22T05:33:05.157Z
sensor.seedlings_moisture,1.0552061488377507,2025-05-22T05:34:05.156Z
sensor.seedlings_moisture,1.0485348287013552,2025-05-22T05:35:05.152Z
sensor.seedlings_moisture,1.02204757890394,2025-05-22T05:36:05.150Z
sensor.seedlings_moisture,1.0401703657487629,2025-05-22T05:37:05.149Z
sensor.seedlings_moisture,1.0297345067626378,2025-05-22T05:38:05.147Z
sensor.seedlings_moisture,1.0278069930142424,2025-05-22T05:39:05.146Z
sensor.seedlings_moisture,1.1027450764656572,2025-05-22T05:40:05.145Z
sensor.seedlings_moisture,1.0355123914343274,2025-05-22T05:41:05.143Z
sensor.seedlings_moisture,1.0646127613932133,2025-05-22T05:42:05.142Z
sensor.seedlings_moisture,1.0394432831708729,2025-05-22T05:43:05.140Z
sensor.seedlings_moisture,1.0773114932828436,2025-05-22T05:44:05.138Z
sensor.seedlings_moisture,1.0483609679018129,2025-05-22T05:45:05.137Z
sensor.seedlings_moisture,1.01090458645386,2025-05-22T05:46:05.136Z
sensor.seedlings_moisture,1.0302706187090167,2025-05-22T05:47:05.134Z
sensor.seedlings_moisture,1.02728517663257,2025-05-22T05:48:05.132Z
sensor.seedlings_moisture,1.052182304451599,2025-05-22T05:49:05.133Z
sensor.seedlings_moisture,1.0531865136417105,2025-05-22T05:50:05.128Z
sensor.seedlings_moisture,1.0317928619466215,2025-05-22T05:51:05.128Z
sensor.seedlings_moisture,1.1125585932473794,2025-05-22T05:52:05.137Z
sensor.seedlings_moisture,1.0316801346750817,2025-05-22T05:53:05.125Z
sensor.seedlings_moisture,1.01924404873839,2025-05-22T05:54:05.125Z
sensor.seedlings_moisture,1.0125211366572922,2025-05-22T05:55:05.122Z
sensor.seedlings_moisture,1.0385574550306573,2025-05-22T05:56:05.122Z
sensor.seedlings_moisture,1.02692964026316,2025-05-22T05:57:05.119Z
sensor.seedlings_moisture,1.0430883402945945,2025-05-22T05:58:05.118Z
sensor.seedlings_moisture,1.0177367814952738,2025-05-22T05:59:05.116Z
sensor.seedlings_moisture,1.0399234953639382,2025-05-22T06:00:05.114Z
sensor.seedlings_moisture,1.0341119973205557,2025-05-22T06:01:05.113Z
sensor.seedlings_moisture,1.0427438539267821,2025-05-22T06:02:05.113Z
sensor.seedlings_moisture,1.054239661244883,2025-05-22T06:03:05.110Z
sensor.seedlings_moisture,1.0370074347658043,2025-05-22T06:04:05.128Z
sensor.seedlings_moisture,0.997710464795953,2025-05-22T06:05:05.107Z
sensor.seedlings_moisture,1.081323783425512,2025-05-22T06:06:05.105Z
sensor.seedlings_moisture,1.0042065308895214,2025-05-22T06:07:05.111Z
sensor.seedlings_moisture,1.068343919552744,2025-05-22T06:08:05.102Z
sensor.seedlings_moisture,1.011124643857239,2025-05-22T06:09:05.105Z
sensor.seedlings_moisture,1.06450376640109,2025-05-22T06:10:05.100Z
sensor.seedlings_moisture,1.0269804285337092,2025-05-22T06:11:05.099Z
sensor.seedlings_moisture,1.0585131004395238,2025-05-22T06:12:05.097Z
sensor.seedlings_moisture,1.033587286592849,2025-05-22T06:13:05.098Z
sensor.seedlings_moisture,1.092396405450484,2025-05-22T06:14:05.094Z
sensor.seedlings_moisture,1.0682669346793063,2025-05-22T06:15:05.097Z
sensor.seedlings_moisture,1.0621147910582558,2025-05-22T06:16:05.091Z
sensor.seedlings_moisture,1.0221967384638548,2025-05-22T06:17:05.100Z
sensor.seedlings_moisture,1.0281362429333,2025-05-22T06:18:05.095Z
sensor.seedlings_moisture,1.0679010787658068,2025-05-22T06:19:05.087Z
sensor.seedlings_moisture,1.0136638504786044,2025-05-22T06:20:05.085Z
sensor.seedlings_moisture,1.0674793857695468,2025-05-22T06:21:05.088Z
sensor.seedlings_moisture,1.0370347991109259,2025-05-22T06:22:05.082Z
sensor.seedlings_moisture,1.052487665949652,2025-05-22T06:23:05.081Z
sensor.seedlings_moisture,1.0254386489757954,2025-05-22T06:24:05.079Z
sensor.seedlings_moisture,1.0141338652420187,2025-05-22T06:25:05.085Z
sensor.seedlings_moisture,1.018776361967619,2025-05-22T06:26:05.076Z
sensor.seedlings_moisture,1.0382778640832648,2025-05-22T06:27:05.075Z
sensor.seedlings_moisture,1.042705820407809,2025-05-22T06:28:05.075Z
sensor.seedlings_moisture,1.017043257917538,2025-05-22T06:29:05.076Z
sensor.seedlings_moisture,1.1079319490056587,2025-05-22T06:30:05.070Z
sensor.seedlings_moisture,1.0239421982567516,2025-05-22T06:31:05.072Z
sensor.seedlings_moisture,1.0235969366757374,2025-05-22T06:32:05.068Z
sensor.seedlings_moisture,1.0746743515913313,2025-05-22T06:33:05.072Z
sensor.seedlings_moisture,1.0453377756895872,2025-05-22T06:34:05.064Z
sensor.seedlings_moisture,1.0167358892003893,2025-05-22T06:35:05.063Z
sensor.seedlings_moisture,0.9941998456888852,2025-05-22T06:36:05.071Z
sensor.seedlings_moisture,1.038439365974111,2025-05-22T06:37:05.060Z
sensor.seedlings_moisture,1.0554412477483335,2025-05-22T06:38:05.058Z
sensor.seedlings_moisture,1.029630893021142,2025-05-22T06:39:05.055Z
sensor.seedlings_moisture,1.0099427344497505,2025-05-22T06:40:05.055Z
sensor.seedlings_moisture,1.03739515661006,2025-05-22T06:41:05.053Z
sensor.seedlings_moisture,1.0323831415922027,2025-05-22T06:42:05.068Z
sensor.seedlings_moisture,0.99900713874443,2025-05-22T06:43:05.053Z
sensor.seedlings_moisture,1.0373732637462154,2025-05-22T06:44:05.051Z
sensor.seedlings_moisture,1.0247321784038952,2025-05-22T06:45:05.052Z
sensor.seedlings_moisture,1.0263665633730388,2025-05-22T06:46:05.046Z
sensor.seedlings_moisture,1.1088763080827868,2025-05-22T06:47:05.044Z
sensor.seedlings_moisture,1.0436323097913833,2025-05-22T06:48:05.043Z
sensor.seedlings_moisture,1.0175243178679776,2025-05-22T06:49:05.041Z
sensor.seedlings_moisture,1.1234840713457155,2025-05-22T06:50:05.040Z
sensor.seedlings_moisture,1.06681465895464,2025-05-22T06:51:05.043Z
sensor.seedlings_moisture,1.0486722236345454,2025-05-22T06:52:05.037Z
sensor.seedlings_moisture,1.0214529085696071,2025-05-22T06:53:05.035Z
sensor.seedlings_moisture,1.0981239636788045,2025-05-22T06:54:05.033Z
sensor.seedlings_moisture,1.0540677822507534,2025-05-22T06:55:05.033Z
sensor.seedlings_moisture,1.0128078222909327,2025-05-22T06:56:05.031Z
sensor.seedlings_moisture,1.0370362558451294,2025-05-22T06:57:05.029Z
sensor.seedlings_moisture,1.0330846928446233,2025-05-22T06:58:05.028Z
sensor.seedlings_moisture,1.0353691610875575,2025-05-22T06:59:05.026Z
sensor.seedlings_moisture,1.0505858066403915,2025-05-22T07:00:05.025Z
sensor.seedlings_moisture,1.05173010778784,2025-05-22T07:01:05.026Z
sensor.seedlings_moisture,1.0206381757603886,2025-05-22T07:02:05.025Z
sensor.seedlings_moisture,1.0142264398712189,2025-05-22T07:03:05.020Z
sensor.seedlings_moisture,1.02428169105685,2025-05-22T07:04:05.019Z
sensor.seedlings_moisture,1.044842298190259,2025-05-22T07:05:05.017Z
sensor.seedlings_moisture,1.0603301869262043,2025-05-22T07:06:05.024Z
sensor.seedlings_moisture,1.00881063478223,2025-05-22T07:07:05.014Z
sensor.seedlings_moisture,1.0539539654663554,2025-05-22T07:08:05.017Z
sensor.seedlings_moisture,1.0217736401978577,2025-05-22T07:09:05.011Z
sensor.seedlings_moisture,1.0181312882763556,2025-05-22T07:10:05.010Z
sensor.seedlings_moisture,1.0856266026855428,2025-05-22T07:11:05.008Z
sensor.seedlings_moisture,1.0341474707458562,2025-05-22T07:12:05.007Z
sensor.seedlings_moisture,1.0261546184299009,2025-05-22T07:13:05.005Z
sensor.seedlings_moisture,1.0149333594933854,2025-05-22T07:14:05.004Z
sensor.seedlings_moisture,1.0081291198547806,2025-05-22T07:15:05.002Z
sensor.seedlings_moisture,1.0447562331900377,2025-05-22T07:16:05.001Z
sensor.seedlings_moisture,1.0376532364877489,2025-05-22T07:17:04.999Z
sensor.seedlings_moisture,1.0032070819311567,2025-05-22T07:18:05.028Z
sensor.seedlings_moisture,1.040347489572447,2025-05-22T07:19:04.998Z
sensor.seedlings_moisture,1.0469665689582728,2025-05-22T07:20:04.995Z
sensor.seedlings_moisture,1.0487068691751609,2025-05-22T07:21:04.994Z
sensor.seedlings_moisture,1.0402044624145086,2025-05-22T07:22:04.995Z
sensor.seedlings_moisture,1.0319173810225064,2025-05-22T07:23:04.991Z
sensor.seedlings_moisture,1.0419126994292083,2025-05-22T07:24:05.004Z
sensor.seedlings_moisture,1.0055066135271606,2025-05-22T07:25:04.990Z
sensor.seedlings_moisture,1.04359766014286,2025-05-22T07:26:04.986Z
sensor.seedlings_moisture,1.1367904050132693,2025-05-22T07:27:04.985Z
sensor.seedlings_moisture,1.0765307074612356,2025-05-22T07:28:04.983Z
sensor.seedlings_moisture,1.031070948861537,2025-05-22T07:29:04.986Z
sensor.seedlings_moisture,1.0521657435699927,2025-05-22T07:30:04.980Z
sensor.seedlings_moisture,1.0137857459239887,2025-05-22T07:31:04.981Z
sensor.seedlings_moisture,0.999329212526343,2025-05-22T07:32:04.980Z
sensor.seedlings_moisture,1.0344184738462228,2025-05-22T07:33:04.976Z
sensor.seedlings_moisture,1.0078859569209806,2025-05-22T07:34:04.975Z
sensor.seedlings_moisture,1.087242627891023,2025-05-22T07:35:04.973Z
sensor.seedlings_moisture,1.052536938068208,2025-05-22T07:36:04.972Z
sensor.seedlings_moisture,1.0600455256233425,2025-05-22T07:37:04.974Z
sensor.seedlings_moisture,1.0085980582153788,2025-05-22T07:38:04.975Z
sensor.seedlings_moisture,1.0992033804928663,2025-05-22T07:39:04.967Z
sensor.seedlings_moisture,1.0512965326745722,2025-05-22T07:40:04.969Z
sensor.seedlings_moisture,1.0287572416781638,2025-05-22T07:41:04.973Z
sensor.seedlings_moisture,1.0031414514502062,2025-05-22T07:42:04.969Z
sensor.seedlings_moisture,1.017965090845371,2025-05-22T07:43:04.961Z
sensor.seedlings_moisture,1.0323171242948845,2025-05-22T07:44:04.960Z
sensor.seedlings_moisture,1.113525943889276,2025-05-22T07:45:04.958Z
sensor.seedlings_moisture,1.0593140165586679,2025-05-22T07:46:04.959Z
sensor.seedlings_moisture,1.065240730025952,2025-05-22T07:47:04.955Z
sensor.seedlings_moisture,1.0511512355173778,2025-05-22T07:48:04.954Z
sensor.seedlings_moisture,1.0029221560985457,2025-05-22T07:49:04.954Z
sensor.seedlings_moisture,1.1247585104403606,2025-05-22T07:50:04.951Z
sensor.seedlings_moisture,1.03424845436472,2025-05-22T07:51:04.949Z
sensor.seedlings_moisture,1.0302976936293626,2025-05-22T07:52:04.948Z
sensor.seedlings_moisture,1.045004955967803,2025-05-22T07:53:04.946Z
sensor.seedlings_moisture,1.0254905196015867,2025-05-22T07:54:04.949Z
sensor.seedlings_moisture,1.033628747775852,2025-05-22T07:55:04.944Z
sensor.seedlings_moisture,1.0330093243334613,2025-05-22T07:56:04.944Z
sensor.seedlings_moisture,1.0753487640233674,2025-05-22T07:57:04.940Z
sensor.seedlings_moisture,1.0219507503339116,2025-05-22T07:58:04.939Z
sensor.seedlings_moisture,1.001384089517471,2025-05-22T07:59:04.937Z
sensor.seedlings_moisture,1.1388834406220552,2025-05-22T08:00:04.936Z
sensor.seedlings_moisture,1.0409970575511214,2025-05-22T08:01:04.934Z
sensor.seedlings_moisture,1.038266451169192,2025-05-22T08:02:04.933Z
sensor.seedlings_moisture,1.0309293981124226,2025-05-22T08:03:04.931Z
sensor.seedlings_moisture,1.0161561208277239,2025-05-22T08:04:04.930Z
sensor.seedlings_moisture,1.0246167137485795,2025-05-22T08:05:04.928Z
sensor.seedlings_moisture,1.0110627381005686,2025-05-22T08:06:04.926Z
sensor.seedlings_moisture,1.0209897440705018,2025-05-22T08:07:04.926Z
sensor.seedlings_moisture,1.0244778300572421,2025-05-22T08:08:04.924Z
sensor.seedlings_moisture,1.0065574900891532,2025-05-22T08:09:04.922Z
sensor.seedlings_moisture,1.0184873543724688,2025-05-22T08:10:04.928Z
sensor.seedlings_moisture,1.03799581234644,2025-05-22T08:11:04.919Z
sensor.seedlings_moisture,1.0112122761602038,2025-05-22T08:12:04.918Z
sensor.seedlings_moisture,1.14532069954444,2025-05-22T08:13:04.918Z
sensor.seedlings_moisture,1.0245427368396762,2025-05-22T08:14:04.918Z
sensor.seedlings_moisture,1.003828044003051,2025-05-22T08:15:04.913Z
sensor.seedlings_moisture,1.0271871402439126,2025-05-22T08:16:04.914Z
sensor.seedlings_moisture,1.0718554526450044,2025-05-22T08:17:04.913Z
sensor.seedlings_moisture,1.0059516167088836,2025-05-22T08:18:04.926Z
sensor.seedlings_moisture,1.0389476450296713,2025-05-22T08:19:04.908Z
sensor.seedlings_moisture,1.0339644602946365,2025-05-22T08:20:04.906Z
sensor.seedlings_moisture,1.0120964578549552,2025-05-22T08:21:04.904Z
sensor.seedlings_moisture,1.0526114148020866,2025-05-22T08:22:04.903Z
sensor.seedlings_moisture,1.0293619981503361,2025-05-22T08:23:04.901Z
sensor.seedlings_moisture,0.9926771834361117,2025-05-22T08:24:04.900Z
sensor.seedlings_moisture,1.0412154279452832,2025-05-22T08:25:04.898Z
sensor.seedlings_moisture,1.0129874778063364,2025-05-22T08:26:04.900Z
sensor.seedlings_moisture,1.0186952146888644,2025-05-22T08:27:04.896Z
sensor.seedlings_moisture,1.0542278002727865,2025-05-22T08:28:04.894Z
sensor.seedlings_moisture,1.0207576589304364,2025-05-22T08:29:04.893Z
sensor.seedlings_moisture,1.1443690583512038,2025-05-22T08:30:04.891Z
sensor.seedlings_moisture,1.078102304199217,2025-05-22T08:31:04.893Z
sensor.seedlings_moisture,1.006328366315253,2025-05-22T08:32:04.888Z
sensor.seedlings_moisture,1.0196190849609348,2025-05-22T08:33:04.886Z
sensor.seedlings_moisture,1.0284055779942034,2025-05-22T08:34:04.885Z
sensor.seedlings_moisture,1.0227817939956212,2025-05-22T08:35:04.884Z
sensor.seedlings_moisture,1.0194518210068486,2025-05-22T08:36:04.882Z
sensor.seedlings_moisture,1.0305290177808877,2025-05-22T08:37:04.880Z
sensor.seedlings_moisture,1.018897607211147,2025-05-22T08:38:04.879Z
sensor.seedlings_moisture,1.0839459013542079,2025-05-22T08:39:04.877Z
sensor.seedlings_moisture,1.0271382448759774,2025-05-22T08:40:04.876Z
sensor.seedlings_moisture,1.00893003275765,2025-05-22T08:41:04.874Z
sensor.seedlings_moisture,1.0110788264051804,2025-05-22T08:42:04.873Z
sensor.seedlings_moisture,1.0096126964611067,2025-05-22T08:43:04.872Z
sensor.seedlings_moisture,1.0416795698499923,2025-05-22T08:44:04.873Z
sensor.seedlings_moisture,1.061454826129908,2025-05-22T08:45:04.869Z
sensor.seedlings_moisture,1.0127307671064578,2025-05-22T08:46:04.867Z
sensor.seedlings_moisture,1.0477871942580053,2025-05-22T08:47:04.865Z
sensor.seedlings_moisture,1.01012665616227,2025-05-22T08:48:04.864Z
sensor.seedlings_moisture,1.040306815492042,2025-05-22T08:49:04.863Z
sensor.seedlings_moisture,1.0550037768035478,2025-05-22T08:50:04.861Z
sensor.seedlings_moisture,1.0473993082465558,2025-05-22T08:51:04.859Z
sensor.seedlings_moisture,1.0278559007949286,2025-05-22T08:52:04.858Z
sensor.seedlings_moisture,1.0155200616014681,2025-05-22T08:53:04.857Z
sensor.seedlings_moisture,1.036587525651741,2025-05-22T08:54:04.856Z
sensor.seedlings_moisture,1.01640070613962,2025-05-22T08:55:04.861Z
sensor.seedlings_moisture,1.0439329341981574,2025-05-22T08:56:04.859Z
sensor.seedlings_moisture,1.0378329732051843,2025-05-22T08:57:04.851Z
sensor.seedlings_moisture,1.0129318312593851,2025-05-22T08:58:04.850Z
sensor.seedlings_moisture,1.040196024431609,2025-05-22T08:59:04.857Z
sensor.seedlings_moisture,1.08030151408389,2025-05-22T09:00:04.851Z
sensor.seedlings_moisture,1.037191132893996,2025-05-22T09:01:04.846Z
sensor.seedlings_moisture,1.0452460369438779,2025-05-22T09:02:04.844Z
sensor.seedlings_moisture,1.0095429033304613,2025-05-22T09:03:04.845Z
sensor.seedlings_moisture,1.0907342884766904,2025-05-22T09:04:04.841Z
sensor.seedlings_moisture,1.0434875460017374,2025-05-22T09:05:04.840Z
sensor.seedlings_moisture,1.0394387509771337,2025-05-22T09:06:04.854Z
sensor.seedlings_moisture,1.0157908316564739,2025-05-22T09:07:04.838Z
sensor.seedlings_moisture,1.135375538132675,2025-05-22T09:08:04.849Z
sensor.seedlings_moisture,1.071598255137466,2025-05-22T09:09:04.838Z
sensor.seedlings_moisture,1.04228066571773,2025-05-22T09:10:04.833Z
sensor.seedlings_moisture,1.027746353128519,2025-05-22T09:11:04.833Z
sensor.seedlings_moisture,1.075460015277256,2025-05-22T09:12:04.830Z
sensor.seedlings_moisture,1.0715909767291252,2025-05-22T09:13:04.832Z
sensor.seedlings_moisture,1.0300225387848443,2025-05-22T09:14:04.827Z
sensor.seedlings_moisture,1.0271420458850884,2025-05-22T09:15:04.826Z
sensor.seedlings_moisture,1.030974783141127,2025-05-22T09:16:04.824Z
sensor.seedlings_moisture,1.0404067689549397,2025-05-22T09:17:04.830Z
sensor.seedlings_moisture,1.0045315026948267,2025-05-22T09:18:04.824Z
sensor.seedlings_moisture,1.0219495246845864,2025-05-22T09:19:04.826Z
sensor.seedlings_moisture,1.0110920561275842,2025-05-22T09:20:04.821Z
sensor.seedlings_moisture,1.0473778861420633,2025-05-22T09:21:04.824Z
sensor.seedlings_moisture,1.0383749178815835,2025-05-22T09:22:04.822Z
sensor.seedlings_moisture,1.0140458529929504,2025-05-22T09:23:04.814Z
sensor.seedlings_moisture,1.003110361075785,2025-05-22T09:24:04.812Z
sensor.seedlings_moisture,1.0345232028330464,2025-05-22T09:25:04.811Z
sensor.seedlings_moisture,1.0045055740866675,2025-05-22T09:26:04.809Z
sensor.seedlings_moisture,1.0181915160185122,2025-05-22T09:27:04.808Z
sensor.seedlings_moisture,1.0660404272414168,2025-05-22T09:28:04.808Z
sensor.seedlings_moisture,1.0340408276545356,2025-05-22T09:29:04.805Z
sensor.seedlings_moisture,1.0542187308010365,2025-05-22T09:30:04.803Z
sensor.seedlings_moisture,1.026464634232792,2025-05-22T09:31:04.803Z
sensor.seedlings_moisture,1.0455439829324982,2025-05-22T09:32:04.800Z
sensor.seedlings_moisture,1.0428490848828589,2025-05-22T09:33:04.798Z
sensor.seedlings_moisture,1.0229720062248393,2025-05-22T09:34:04.796Z
sensor.seedlings_moisture,1.102357884691138,2025-05-22T09:35:04.795Z
sensor.seedlings_moisture,1.0248856688645813,2025-05-22T09:36:04.793Z
sensor.seedlings_moisture,1.044269861575471,2025-05-22T09:37:04.795Z
sensor.seedlings_moisture,1.0310384633211371,2025-05-22T09:38:04.792Z
sensor.seedlings_moisture,1.0680484047139387,2025-05-22T09:39:04.789Z
sensor.seedlings_moisture,1.0844070271184467,2025-05-22T09:40:04.788Z
sensor.seedlings_moisture,1.0670708870685088,2025-05-22T09:41:04.787Z
sensor.seedlings_moisture,1.043180436924383,2025-05-22T09:42:04.792Z
sensor.seedlings_moisture,1.0271387171019573,2025-05-22T09:43:04.785Z
sensor.seedlings_moisture,1.0541681074833247,2025-05-22T09:44:04.781Z
sensor.seedlings_moisture,1.0467732723207532,2025-05-22T09:45:04.780Z
sensor.seedlings_moisture,1.0490525409186071,2025-05-22T09:46:04.782Z
sensor.seedlings_moisture,1.0286714673031367,2025-05-22T09:47:04.777Z
sensor.seedlings_moisture,1.0193773050072084,2025-05-22T09:48:04.776Z
sensor.seedlings_moisture,1.017672446652915,2025-05-22T09:49:04.777Z
sensor.seedlings_moisture,1.042993837347434,2025-05-22T09:50:04.774Z
sensor.seedlings_moisture,1.03040543137057,2025-05-22T09:51:04.771Z
sensor.seedlings_moisture,1.002585124013125,2025-05-22T09:52:04.769Z
sensor.seedlings_moisture,1.0401023199892767,2025-05-22T09:53:04.768Z
sensor.seedlings_moisture,1.0146610903329745,2025-05-22T09:54:04.767Z
sensor.seedlings_moisture,0.9965325471666047,2025-05-22T09:55:04.765Z
sensor.seedlings_moisture,0.9948264488049934,2025-05-22T09:56:04.769Z
sensor.seedlings_moisture,0.978822600678734,2025-05-22T09:57:04.762Z
sensor.seedlings_moisture,1.0126009885494833,2025-05-22T09:58:04.769Z
sensor.seedlings_moisture,1.008296218291716,2025-05-22T09:59:04.759Z
sensor.seedlings_moisture,1.0775432973628423,2025-05-22T10:00:04.757Z
sensor.seedlings_moisture,1.0653648923526011,2025-05-22T10:01:04.756Z
sensor.seedlings_moisture,1.0211626666946143,2025-05-22T10:02:04.754Z
sensor.seedlings_moisture,1.0176425416559347,2025-05-22T10:03:04.752Z
sensor.seedlings_moisture,1.0757082176908965,2025-05-22T10:04:04.751Z
sensor.seedlings_moisture,1.0279613778824617,2025-05-22T10:05:04.750Z
sensor.seedlings_moisture,1.0140847125424073,2025-05-22T10:06:04.750Z
sensor.seedlings_moisture,0.992463006005437,2025-05-22T10:07:04.747Z
sensor.seedlings_moisture,0.9973750554361892,2025-05-22T10:08:04.745Z
sensor.seedlings_moisture,0.9698857841900034,2025-05-22T10:09:04.746Z
sensor.seedlings_moisture,1.053015900226236,2025-05-22T10:10:04.744Z
sensor.seedlings_moisture,1.0411698325862904,2025-05-22T10:11:04.741Z
sensor.seedlings_moisture,1.0352974114782094,2025-05-22T10:12:04.742Z
sensor.seedlings_moisture,0.9876560639487924,2025-05-22T10:13:04.738Z
sensor.seedlings_moisture,1.0512217120581635,2025-05-22T10:14:04.736Z
sensor.seedlings_moisture,1.0008657528032048,2025-05-22T10:15:04.735Z
sensor.seedlings_moisture,1.034512165797402,2025-05-22T10:16:04.733Z
sensor.seedlings_moisture,0.9969557716220604,2025-05-22T10:17:04.733Z
sensor.seedlings_moisture,1.0336148624452817,2025-05-22T10:18:04.735Z
sensor.seedlings_moisture,1.0164620524258103,2025-05-22T10:19:04.731Z
sensor.seedlings_moisture,0.992403465710891,2025-05-22T10:20:04.727Z
sensor.seedlings_moisture,1.019042916715001,2025-05-22T10:21:04.733Z
sensor.seedlings_moisture,0.9894018554137267,2025-05-22T10:22:04.725Z
sensor.seedlings_moisture,1.0851947891052225,2025-05-22T10:23:04.723Z
sensor.seedlings_moisture,1.0569952932502953,2025-05-22T10:24:04.722Z
sensor.seedlings_moisture,0.9983882830495552,2025-05-22T10:25:04.720Z
sensor.seedlings_moisture,1.0020166222489366,2025-05-22T10:26:04.718Z
sensor.seedlings_moisture,1.037812948628901,2025-05-22T10:27:04.717Z
sensor.seedlings_moisture,1.0137984437153578,2025-05-22T10:28:04.715Z
sensor.seedlings_moisture,1.0120771942021556,2025-05-22T10:29:04.713Z
sensor.seedlings_moisture,0.992585024978267,2025-05-22T10:30:04.712Z
sensor.seedlings_moisture,1.0763412122935068,2025-05-22T10:31:04.714Z
sensor.seedlings_moisture,1.0097607781096327,2025-05-22T10:32:04.708Z
sensor.seedlings_moisture,0.9831144661397433,2025-05-22T10:33:04.711Z
sensor.seedlings_moisture,1.0090168080530553,2025-05-22T10:34:04.709Z
sensor.seedlings_moisture,1.0389013330444534,2025-05-22T10:35:04.705Z
sensor.seedlings_moisture,1.0124144524986871,2025-05-22T10:36:04.703Z
sensor.seedlings_moisture,1.118031975893785,2025-05-22T10:37:04.701Z
sensor.seedlings_moisture,1.0530118573362977,2025-05-22T10:38:04.699Z
sensor.seedlings_moisture,0.9903594835946558,2025-05-22T10:39:04.697Z
sensor.seedlings_moisture,0.9969611681354805,2025-05-22T10:40:04.696Z
sensor.seedlings_moisture,1.0211245039971593,2025-05-22T10:41:04.694Z
sensor.seedlings_moisture,1.0107932699878268,2025-05-22T10:42:04.693Z
sensor.seedlings_moisture,1.0239454906066183,2025-05-22T10:43:04.691Z
sensor.seedlings_moisture,1.008934029104568,2025-05-22T10:44:04.689Z
sensor.seedlings_moisture,1.003219120865897,2025-05-22T10:45:04.688Z
sensor.seedlings_moisture,0.9783373560520124,2025-05-22T10:46:04.688Z
sensor.seedlings_moisture,1.0331081568172686,2025-05-22T10:47:04.700Z
sensor.seedlings_moisture,1.0618587694083073,2025-05-22T10:48:04.685Z
sensor.seedlings_moisture,1.0307636816379835,2025-05-22T10:49:04.682Z
sensor.seedlings_moisture,1.0478809023180813,2025-05-22T10:50:04.680Z
sensor.seedlings_moisture,1.0188539970571857,2025-05-22T10:51:04.678Z
sensor.seedlings_moisture,1.004454951879274,2025-05-22T10:52:04.684Z
sensor.seedlings_moisture,1.1066863634803572,2025-05-22T10:53:04.675Z
sensor.seedlings_moisture,1.0269277642279762,2025-05-22T10:54:04.674Z
sensor.seedlings_moisture,1.029804613550878,2025-05-22T10:55:04.673Z
sensor.seedlings_moisture,1.0123881641363364,2025-05-22T10:56:04.671Z
sensor.seedlings_moisture,1.0398752253463772,2025-05-22T10:57:04.669Z
sensor.seedlings_moisture,1.0050783352637713,2025-05-22T10:58:04.668Z
sensor.seedlings_moisture,1.0083859702528872,2025-05-22T10:59:04.666Z
sensor.seedlings_moisture,1.0495830535373663,2025-05-22T11:00:04.666Z
sensor.seedlings_moisture,1.0302152944699223,2025-05-22T11:01:04.662Z
sensor.seedlings_moisture,1.0006347124643,2025-05-22T11:02:04.661Z
sensor.seedlings_moisture,1.0606457659033035,2025-05-22T11:03:04.660Z
sensor.seedlings_moisture,1.012591635877266,2025-05-22T11:04:04.658Z
sensor.seedlings_moisture,1.0358563211566458,2025-05-22T11:05:04.658Z
sensor.seedlings_moisture,1.035334288695546,2025-05-22T11:06:04.656Z
sensor.seedlings_moisture,0.9948663425203272,2025-05-22T11:07:04.654Z
sensor.seedlings_moisture,1.0314743195377871,2025-05-22T11:08:04.653Z
sensor.seedlings_moisture,0.989905372246636,2025-05-22T11:09:04.653Z
sensor.seedlings_moisture,0.9984598710125846,2025-05-22T11:10:04.650Z
sensor.seedlings_moisture,0.986699763272433,2025-05-22T11:11:04.649Z
sensor.seedlings_moisture,1.0246414816532827,2025-05-22T11:12:04.647Z
sensor.seedlings_moisture,1.024139291061454,2025-05-22T11:13:04.649Z
sensor.seedlings_moisture,1.0290035967948203,2025-05-22T11:14:04.644Z
sensor.seedlings_moisture,1.0144107319739328,2025-05-22T11:15:04.648Z
sensor.seedlings_moisture,1.0059811124810516,2025-05-22T11:16:04.642Z
sensor.seedlings_moisture,0.9923108068481483,2025-05-22T11:17:04.642Z
sensor.seedlings_moisture,0.9878099015585654,2025-05-22T11:18:04.638Z
sensor.seedlings_moisture,1.0270095721241876,2025-05-22T11:19:04.637Z
sensor.seedlings_moisture,1.0060008816685673,2025-05-22T11:20:04.638Z
sensor.seedlings_moisture,1.0205411030846943,2025-05-22T11:21:04.634Z
sensor.seedlings_moisture,1.0429835454769223,2025-05-22T11:22:04.632Z
sensor.seedlings_moisture,0.9990570722043522,2025-05-22T11:23:04.631Z
sensor.seedlings_moisture,1.0123057722582636,2025-05-22T11:24:04.629Z
sensor.seedlings_moisture,0.994164145716507,2025-05-22T11:25:04.627Z
sensor.seedlings_moisture,1.0236529047088707,2025-05-22T11:26:04.630Z
sensor.seedlings_moisture,1.0211065216032067,2025-05-22T11:27:04.628Z
sensor.seedlings_moisture,1.0659767742179562,2025-05-22T11:28:04.631Z
sensor.seedlings_moisture,0.9965705571733722,2025-05-22T11:29:04.621Z
sensor.seedlings_moisture,0.9951526869117623,2025-05-22T11:30:04.621Z
sensor.seedlings_moisture,1.0232667404493432,2025-05-22T11:31:04.619Z
sensor.seedlings_moisture,1.0292518451681747,2025-05-22T11:32:04.619Z
sensor.seedlings_moisture,1.0075056092896129,2025-05-22T11:33:04.615Z
sensor.seedlings_moisture,0.994689985994113,2025-05-22T11:34:04.614Z
sensor.seedlings_moisture,0.9989329587932465,2025-05-22T11:35:04.612Z
sensor.seedlings_moisture,1.0053864956464549,2025-05-22T11:36:04.614Z
sensor.seedlings_moisture,0.9904697676914456,2025-05-22T11:37:04.609Z
sensor.seedlings_moisture,1.051897205623804,2025-05-22T11:38:04.608Z
sensor.seedlings_moisture,1.0253375443372157,2025-05-22T11:39:04.606Z
sensor.seedlings_moisture,1.0066941829814673,2025-05-22T11:40:04.606Z
sensor.seedlings_moisture,1.0064559905501795,2025-05-22T11:41:04.605Z
sensor.seedlings_moisture,0.9955343947976122,2025-05-22T11:42:04.603Z
sensor.seedlings_moisture,1.0091154644060216,2025-05-22T11:43:04.600Z
sensor.seedlings_moisture,0.9939989262659328,2025-05-22T11:44:04.599Z
sensor.seedlings_moisture,1.0070228995330845,2025-05-22T11:45:04.599Z
sensor.seedlings_moisture,1.007467767115238,2025-05-22T11:46:04.597Z
sensor.seedlings_moisture,0.991320633239768,2025-05-22T11:47:04.595Z
sensor.seedlings_moisture,0.995234575815793,2025-05-22T11:48:04.593Z
sensor.seedlings_moisture,0.9891600690518735,2025-05-22T11:49:04.592Z
sensor.seedlings_moisture,0.9974272245702632,2025-05-22T11:50:04.591Z
sensor.seedlings_moisture,0.9970982333398535,2025-05-22T11:51:04.590Z
sensor.seedlings_moisture,0.9813316506379128,2025-05-22T11:52:04.590Z
sensor.seedlings_moisture,1.010104491635017,2025-05-22T11:53:04.587Z
sensor.seedlings_moisture,1.0037336287699552,2025-05-22T11:54:04.585Z
sensor.seedlings_moisture,0.9920179686232533,2025-05-22T11:55:04.588Z
sensor.seedlings_moisture,0.9945649024307356,2025-05-22T11:56:04.582Z
sensor.seedlings_moisture,0.9964205336113197,2025-05-22T11:57:04.583Z
sensor.seedlings_moisture,0.9967391805998368,2025-05-22T11:58:04.583Z
sensor.seedlings_moisture,0.996821523598258,2025-05-22T11:59:04.577Z
sensor.seedlings_moisture,0.9771362703654665,2025-05-22T12:00:04.577Z
sensor.seedlings_moisture,0.9927599211265626,2025-05-22T12:01:04.575Z
sensor.seedlings_moisture,0.977785367029276,2025-05-22T12:02:04.576Z
sensor.seedlings_moisture,0.9722125226140814,2025-05-22T12:03:04.571Z
sensor.seedlings_moisture,0.9976520934218237,2025-05-22T12:04:04.571Z
sensor.seedlings_moisture,0.9743167069158376,2025-05-22T12:05:04.569Z
sensor.seedlings_moisture,0.9929144128640713,2025-05-22T12:06:04.568Z
sensor.seedlings_moisture,0.9588872389063354,2025-05-22T12:07:04.566Z
sensor.seedlings_moisture,1.01743227881614,2025-05-22T12:08:04.565Z
sensor.seedlings_moisture,1.0043350171623624,2025-05-22T12:09:04.568Z
sensor.seedlings_moisture,0.9973104288576716,2025-05-22T12:10:04.561Z
sensor.seedlings_moisture,0.980022205493,2025-05-22T12:11:04.560Z
sensor.seedlings_moisture,0.999476401442995,2025-05-22T12:12:04.559Z
sensor.seedlings_moisture,1.0245828896793423,2025-05-22T12:13:04.568Z
sensor.seedlings_moisture,0.9804803649958514,2025-05-22T12:14:04.558Z
sensor.seedlings_moisture,0.9794592229983603,2025-05-22T12:15:04.554Z
sensor.seedlings_moisture,0.985696441483965,2025-05-22T12:16:04.559Z
sensor.seedlings_moisture,0.985011594179281,2025-05-22T12:17:04.551Z
sensor.seedlings_moisture,1.0012155352134684,2025-05-22T12:18:04.550Z
sensor.seedlings_moisture,1.0874363062974812,2025-05-22T12:19:04.549Z
sensor.seedlings_moisture,0.9742797251410847,2025-05-22T12:20:04.547Z
sensor.seedlings_moisture,1.0024545815660124,2025-05-22T12:21:04.545Z
sensor.seedlings_moisture,0.993652043712578,2025-05-22T12:22:04.544Z
sensor.seedlings_moisture,0.964698345196395,2025-05-22T12:23:04.543Z
sensor.seedlings_moisture,0.974121859830671,2025-05-22T12:24:04.545Z
sensor.seedlings_moisture,1.0043782013700693,2025-05-22T12:25:04.540Z
sensor.seedlings_moisture,0.9798222689002882,2025-05-22T12:26:04.538Z
sensor.seedlings_moisture,0.960766716587351,2025-05-22T12:27:04.538Z
sensor.seedlings_moisture,1.008424007364924,2025-05-22T12:28:04.540Z
sensor.seedlings_moisture,0.9962432795315384,2025-05-22T12:29:04.542Z
sensor.seedlings_moisture,1.0252504564996385,2025-05-22T12:30:04.532Z
sensor.seedlings_moisture,1.0021714857185844,2025-05-22T12:31:04.531Z
sensor.seedlings_moisture,0.9897088282533786,2025-05-22T12:32:04.529Z
sensor.seedlings_moisture,0.9907553175016104,2025-05-22T12:33:04.528Z
sensor.seedlings_moisture,1.104166300799347,2025-05-22T12:34:04.526Z
sensor.seedlings_moisture,1.0015571506892054,2025-05-22T12:35:04.525Z
sensor.seedlings_moisture,0.9970367356978715,2025-05-22T12:36:04.523Z
sensor.seedlings_moisture,0.983385560607554,2025-05-22T12:37:04.522Z
sensor.seedlings_moisture,0.9868716144179962,2025-05-22T12:38:04.520Z
sensor.seedlings_moisture,1.0861459979568155,2025-05-22T12:39:04.527Z
sensor.seedlings_moisture,0.9578758551142675,2025-05-22T12:40:04.526Z
sensor.seedlings_moisture,1.0266912091097387,2025-05-22T12:41:04.516Z
sensor.seedlings_moisture,1.004741509805482,2025-05-22T12:42:04.516Z
sensor.seedlings_moisture,0.964809299892862,2025-05-22T12:43:04.513Z
sensor.seedlings_moisture,0.990009676067431,2025-05-22T12:44:04.511Z
sensor.seedlings_moisture,0.9825395977970125,2025-05-22T12:45:04.510Z
sensor.seedlings_moisture,1.0215019727223045,2025-05-22T12:46:04.509Z
sensor.seedlings_moisture,1.030735316074812,2025-05-22T12:47:04.507Z
sensor.seedlings_moisture,0.9943021825755836,2025-05-22T12:48:04.506Z
sensor.seedlings_moisture,0.96502416335012,2025-05-22T12:49:04.504Z
sensor.seedlings_moisture,0.97821478812913,2025-05-22T12:50:04.505Z
sensor.seedlings_moisture,0.9523211443797095,2025-05-22T12:51:04.503Z
sensor.seedlings_moisture,0.9777192996352824,2025-05-22T12:52:04.504Z
sensor.seedlings_moisture,1.100752617364579,2025-05-22T12:53:04.499Z
sensor.seedlings_moisture,1.002853242249819,2025-05-22T12:54:04.496Z
sensor.seedlings_moisture,1.069479442906383,2025-05-22T12:55:04.494Z
sensor.seedlings_moisture,1.050411222617972,2025-05-22T12:56:04.494Z
sensor.seedlings_moisture,0.980213486971972,2025-05-22T12:57:04.489Z
sensor.seedlings_moisture,0.9989238027060158,2025-05-22T12:58:04.488Z
sensor.seedlings_moisture,0.9989369887209765,2025-05-22T12:59:04.489Z
sensor.seedlings_moisture,0.978523011950848,2025-05-22T13:00:04.485Z
sensor.seedlings_moisture,0.997980749140569,2025-05-22T13:01:04.483Z
sensor.seedlings_moisture,0.989623881260269,2025-05-22T13:02:04.480Z
sensor.seedlings_moisture,0.981147917090821,2025-05-22T13:03:04.482Z
sensor.seedlings_moisture,0.980817969582872,2025-05-22T13:04:04.478Z
sensor.seedlings_moisture,1.0070913510079393,2025-05-22T13:05:04.480Z
sensor.seedlings_moisture,0.9625553548351602,2025-05-22T13:06:04.475Z
sensor.seedlings_moisture,1.0213300518850474,2025-05-22T13:07:04.474Z
sensor.seedlings_moisture,1.0136770871677931,2025-05-22T13:08:04.472Z
sensor.seedlings_moisture,1.0371879060501978,2025-05-22T13:09:04.471Z
sensor.seedlings_moisture,0.9848339356952472,2025-05-22T13:10:04.469Z
sensor.seedlings_moisture,1.000010644923744,2025-05-22T13:11:04.469Z
sensor.seedlings_moisture,0.9869912589344267,2025-05-22T13:12:04.466Z
sensor.seedlings_moisture,0.988366297935086,2025-05-22T13:13:04.468Z
sensor.seedlings_moisture,0.9974226613972604,2025-05-22T13:14:04.463Z
sensor.seedlings_moisture,1.030267952777799,2025-05-22T13:15:04.462Z
sensor.seedlings_moisture,1.015243382310381,2025-05-22T13:16:04.460Z
sensor.seedlings_moisture,1.00928257737663,2025-05-22T13:17:04.462Z
sensor.seedlings_moisture,0.964427317186118,2025-05-22T13:18:04.457Z
sensor.seedlings_moisture,1.04012447136307,2025-05-22T13:19:04.455Z
sensor.seedlings_moisture,1.0365975495228419,2025-05-22T13:20:04.453Z
sensor.seedlings_moisture,0.9937207520944108,2025-05-22T13:21:04.452Z
sensor.seedlings_moisture,0.9657080484805802,2025-05-22T13:22:04.455Z
sensor.seedlings_moisture,0.9784176191835064,2025-05-22T13:23:04.449Z
sensor.seedlings_moisture,0.9883970120994395,2025-05-22T13:24:04.448Z
sensor.seedlings_moisture,0.9672522346245878,2025-05-22T13:25:04.446Z
sensor.seedlings_moisture,1.0001058368564226,2025-05-22T13:26:04.443Z
sensor.seedlings_moisture,1.0177778618180475,2025-05-22T13:27:04.443Z
sensor.seedlings_moisture,0.9633221305055643,2025-05-22T13:28:04.440Z
sensor.seedlings_moisture,0.9505694859272767,2025-05-22T13:29:04.440Z
sensor.seedlings_moisture,0.9679129717274186,2025-05-22T13:30:04.436Z
sensor.seedlings_moisture,0.9510400730259426,2025-05-22T13:31:04.436Z
sensor.seedlings_moisture,0.9787264806552656,2025-05-22T13:32:04.433Z
sensor.seedlings_moisture,1.0917096219233686,2025-05-22T13:33:04.431Z
sensor.seedlings_moisture,0.9757035082823077,2025-05-22T13:34:04.429Z
sensor.seedlings_moisture,0.982911964753054,2025-05-22T13:35:04.428Z
sensor.seedlings_moisture,0.9837537677215495,2025-05-22T13:36:04.426Z
sensor.seedlings_moisture,0.9741116175004425,2025-05-22T13:37:04.427Z
sensor.seedlings_moisture,0.972369722894791,2025-05-22T13:38:04.424Z
sensor.seedlings_moisture,0.9756263233179232,2025-05-22T13:39:04.421Z
sensor.seedlings_moisture,0.9831832611686583,2025-05-22T13:40:04.426Z
sensor.seedlings_moisture,0.9853078253744165,2025-05-22T13:41:04.418Z
sensor.seedlings_moisture,1.0090743657028793,2025-05-22T13:42:04.416Z
sensor.seedlings_moisture,0.986307019289035,2025-05-22T13:43:04.418Z
sensor.seedlings_moisture,0.979301126328951,2025-05-22T13:44:04.413Z
sensor.seedlings_moisture,1.032399607628591,2025-05-22T13:45:04.411Z
sensor.seedlings_moisture,1.1076098620155137,2025-05-22T13:46:04.410Z
sensor.seedlings_moisture,0.9902347662765437,2025-05-22T13:47:04.408Z
sensor.seedlings_moisture,0.9968877147587636,2025-05-22T13:48:04.411Z
sensor.seedlings_moisture,1.025130319255477,2025-05-22T13:49:04.405Z
sensor.seedlings_moisture,0.964651460497675,2025-05-22T13:50:04.407Z
sensor.seedlings_moisture,0.97928396342934,2025-05-22T13:51:04.402Z
sensor.seedlings_moisture,0.970756888994936,2025-05-22T13:52:04.400Z
sensor.seedlings_moisture,0.9899846797322992,2025-05-22T13:53:04.399Z
sensor.seedlings_moisture,0.9759735002803378,2025-05-22T13:54:04.399Z
sensor.seedlings_moisture,1.0409338688929177,2025-05-22T13:55:04.394Z
sensor.seedlings_moisture,0.97432455231787,2025-05-22T13:56:04.394Z
sensor.seedlings_moisture,0.965407696985008,2025-05-22T13:57:04.392Z
sensor.seedlings_moisture,1.013459790031708,2025-05-22T13:58:04.393Z
sensor.seedlings_moisture,0.9903980019422454,2025-05-22T13:59:04.390Z
sensor.seedlings_moisture,1.0344512748408885,2025-05-22T14:00:04.388Z
sensor.seedlings_moisture,1.0157615395760766,2025-05-22T14:01:04.388Z
sensor.seedlings_moisture,0.9806994768596183,2025-05-22T14:02:04.393Z
sensor.seedlings_moisture,1.001403913663678,2025-05-22T14:03:04.389Z
sensor.seedlings_moisture,0.9788054413972594,2025-05-22T14:04:04.382Z
sensor.seedlings_moisture,1.026588995237331,2025-05-22T14:05:04.380Z
sensor.seedlings_moisture,0.9808342543410133,2025-05-22T14:06:04.378Z
sensor.seedlings_moisture,0.9740359473469942,2025-05-22T14:07:04.377Z
sensor.seedlings_moisture,0.9940611529517074,2025-05-22T14:08:04.375Z
sensor.seedlings_moisture,1.046175748639872,2025-05-22T14:09:04.374Z
sensor.seedlings_moisture,1.0011661618256986,2025-05-22T14:10:04.372Z
sensor.seedlings_moisture,1.0237813685403372,2025-05-22T14:11:04.370Z
sensor.seedlings_moisture,1.0632351503970339,2025-05-22T14:12:04.368Z
sensor.seedlings_moisture,0.9768566738258964,2025-05-22T14:13:04.368Z
sensor.seedlings_moisture,0.9964390144784778,2025-05-22T14:14:04.367Z
sensor.seedlings_moisture,1.0743296252727212,2025-05-22T14:15:04.364Z
sensor.seedlings_moisture,0.981284823156148,2025-05-22T14:16:04.367Z
sensor.seedlings_moisture,0.9580919250572104,2025-05-22T14:17:04.381Z
sensor.seedlings_moisture,0.9826369152083154,2025-05-22T14:18:04.360Z
sensor.seedlings_moisture,1.0391224922411848,2025-05-22T14:19:04.358Z
sensor.seedlings_moisture,0.971112976987917,2025-05-22T14:20:04.356Z
sensor.seedlings_moisture,0.975329218019241,2025-05-22T14:21:04.360Z
sensor.seedlings_moisture,0.9787904942037522,2025-05-22T14:22:04.353Z
sensor.seedlings_moisture,0.977226741413957,2025-05-22T14:23:04.351Z
sensor.seedlings_moisture,0.961864138089727,2025-05-22T14:24:04.349Z
sensor.seedlings_moisture,1.0164269631336451,2025-05-22T14:25:04.349Z
sensor.seedlings_moisture,0.9692188440250615,2025-05-22T14:26:04.348Z
sensor.seedlings_moisture,1.041114223095851,2025-05-22T14:27:04.349Z
sensor.seedlings_moisture,0.979573982620336,2025-05-22T14:28:04.347Z
sensor.seedlings_moisture,0.9590894077167487,2025-05-22T14:29:04.345Z
sensor.seedlings_moisture,0.9633767245045363,2025-05-22T14:30:04.341Z
sensor.seedlings_moisture,0.9805569101307513,2025-05-22T14:31:04.339Z
sensor.seedlings_moisture,0.9756225376050612,2025-05-22T14:32:04.338Z
sensor.seedlings_moisture,0.970092491155749,2025-05-22T14:33:04.336Z
sensor.seedlings_moisture,0.9771109874377307,2025-05-22T14:34:04.339Z
sensor.seedlings_moisture,0.9780258493514666,2025-05-22T14:35:04.335Z
sensor.seedlings_moisture,1.0250306598680057,2025-05-22T14:36:04.335Z
sensor.seedlings_moisture,0.9951628830259952,2025-05-22T14:37:04.334Z
sensor.seedlings_moisture,0.9945641053166177,2025-05-22T14:38:04.335Z
sensor.seedlings_moisture,0.9604255487526555,2025-05-22T14:39:04.332Z
sensor.seedlings_moisture,0.9912807964355654,2025-05-22T14:40:04.332Z
sensor.seedlings_moisture,0.9988292998206734,2025-05-22T14:41:04.331Z
sensor.seedlings_moisture,0.983640487761427,2025-05-22T14:42:04.329Z
sensor.seedlings_moisture,1.0015064465306267,2025-05-22T14:43:04.328Z
sensor.seedlings_moisture,0.9921984141385446,2025-05-22T14:44:04.329Z
sensor.seedlings_moisture,0.9967682866209107,2025-05-22T14:45:04.326Z
sensor.seedlings_moisture,0.9842906311798312,2025-05-22T14:46:04.327Z
sensor.seedlings_moisture,1.0103682411590125,2025-05-22T14:47:04.322Z
sensor.seedlings_moisture,1.002852211253627,2025-05-22T14:48:04.322Z
sensor.seedlings_moisture,0.97500093247814,2025-05-22T14:49:04.323Z
sensor.seedlings_moisture,1.0234704006300281,2025-05-22T14:50:04.328Z
sensor.seedlings_moisture,1.0006175443760994,2025-05-22T14:51:04.319Z
sensor.seedlings_moisture,0.9779338779527018,2025-05-22T14:52:04.320Z
sensor.seedlings_moisture,0.984708797471473,2025-05-22T14:53:04.316Z
sensor.seedlings_moisture,0.9679120093003807,2025-05-22T14:54:04.321Z
sensor.seedlings_moisture,0.9514473674543265,2025-05-22T14:55:04.313Z
sensor.seedlings_moisture,1.0137525902143458,2025-05-22T14:56:04.312Z
sensor.seedlings_moisture,1.0000789845570652,2025-05-22T14:57:04.310Z
sensor.seedlings_moisture,0.9692055876294217,2025-05-22T14:58:04.313Z
sensor.seedlings_moisture,1.0552874998890567,2025-05-22T14:59:04.309Z
sensor.seedlings_moisture,0.9747531239326994,2025-05-22T15:00:04.306Z
sensor.seedlings_moisture,1.0071779644006278,2025-05-22T15:01:04.308Z
sensor.seedlings_moisture,0.9766466025852627,2025-05-22T15:02:04.311Z
sensor.seedlings_moisture,1.0280315354149983,2025-05-22T15:03:04.303Z
sensor.seedlings_moisture,0.9962232535183974,2025-05-22T15:04:04.301Z
sensor.seedlings_moisture,0.9632592633285992,2025-05-22T15:05:04.300Z
sensor.seedlings_moisture,0.9393254761362648,2025-05-22T15:06:04.298Z
sensor.seedlings_moisture,0.992332634263167,2025-05-22T15:07:04.297Z
sensor.seedlings_moisture,0.9539144140322187,2025-05-22T15:08:04.297Z
sensor.seedlings_moisture,0.9992297478633386,2025-05-22T15:09:04.294Z
sensor.seedlings_moisture,0.982989305070106,2025-05-22T15:10:04.292Z
sensor.seedlings_moisture,0.9488780365126535,2025-05-22T15:11:04.289Z
sensor.seedlings_moisture,1.013123954245002,2025-05-22T15:12:04.288Z
sensor.seedlings_moisture,0.989454768369933,2025-05-22T15:13:04.286Z
sensor.seedlings_moisture,1.009874717603763,2025-05-22T15:14:04.291Z
sensor.seedlings_moisture,0.9636136062232872,2025-05-22T15:15:04.284Z
sensor.seedlings_moisture,0.9359453014966375,2025-05-22T15:16:04.282Z
sensor.seedlings_moisture,1.0007542123792348,2025-05-22T15:17:04.281Z
sensor.seedlings_moisture,0.9885719685501146,2025-05-22T15:18:04.279Z
sensor.seedlings_moisture,0.9534445841181914,2025-05-22T15:19:04.277Z
sensor.seedlings_moisture,0.975266734033608,2025-05-22T15:20:04.276Z
sensor.seedlings_moisture,1.0002426758399474,2025-05-22T15:21:04.274Z
sensor.seedlings_moisture,0.9728348793878397,2025-05-22T15:22:04.275Z
sensor.seedlings_moisture,0.9393234406660016,2025-05-22T15:23:04.271Z
sensor.seedlings_moisture,0.948391940304152,2025-05-22T15:24:04.268Z
sensor.seedlings_moisture,0.9656712357993654,2025-05-22T15:25:04.269Z
sensor.seedlings_moisture,0.954060006351441,2025-05-22T15:26:04.267Z
sensor.seedlings_moisture,0.969770285858916,2025-05-22T15:27:04.266Z
sensor.seedlings_moisture,0.9814513939804107,2025-05-22T15:28:04.264Z
sensor.seedlings_moisture,0.9802846142789465,2025-05-22T15:29:04.262Z
sensor.seedlings_moisture,0.9877528565760387,2025-05-22T15:30:04.263Z
sensor.seedlings_moisture,0.9891676548243022,2025-05-22T15:31:04.258Z
sensor.seedlings_moisture,0.948948369179446,2025-05-22T15:32:04.258Z
sensor.seedlings_moisture,0.9686104577273413,2025-05-22T15:33:04.256Z
sensor.seedlings_moisture,0.9950791354243335,2025-05-22T15:34:04.255Z
sensor.seedlings_moisture,0.968727638535726,2025-05-22T15:35:04.254Z
sensor.seedlings_moisture,0.986579176115212,2025-05-22T15:36:04.259Z
sensor.seedlings_moisture,0.9800533298035882,2025-05-22T15:37:04.258Z
sensor.seedlings_moisture,0.9680628491118403,2025-05-22T15:38:04.251Z
sensor.seedlings_moisture,0.9789647614891226,2025-05-22T15:39:04.251Z
sensor.seedlings_moisture,0.9802879426513438,2025-05-22T15:40:04.247Z
sensor.seedlings_moisture,0.975872232689898,2025-05-22T15:41:04.250Z
sensor.seedlings_moisture,0.9792408601151394,2025-05-22T15:42:04.266Z
sensor.seedlings_moisture,0.9800557880845074,2025-05-22T15:43:04.241Z
sensor.seedlings_moisture,0.9971531669377318,2025-05-22T15:44:04.243Z
sensor.seedlings_moisture,0.9825685324423262,2025-05-22T15:45:04.245Z
sensor.seedlings_moisture,0.971664065708679,2025-05-22T15:46:04.243Z
sensor.seedlings_moisture,0.9815124008439895,2025-05-22T15:47:04.233Z
sensor.seedlings_moisture,0.9736296025340507,2025-05-22T15:48:04.235Z
sensor.seedlings_moisture,1.0019046907951505,2025-05-22T15:49:04.237Z
sensor.seedlings_moisture,0.9915928262578952,2025-05-22T15:50:04.230Z
sensor.seedlings_moisture,1.038244056708517,2025-05-22T15:51:04.231Z
sensor.seedlings_moisture,1.0045580948153354,2025-05-22T15:52:04.224Z
sensor.seedlings_moisture,1.0857687558495894,2025-05-22T15:53:04.224Z
sensor.seedlings_moisture,0.975087127701345,2025-05-22T15:54:04.222Z
sensor.seedlings_moisture,0.9807488156468067,2025-05-22T15:55:04.227Z
sensor.seedlings_moisture,1.043004044857383,2025-05-22T15:56:04.219Z
sensor.seedlings_moisture,0.9966024538632114,2025-05-22T15:57:04.218Z
sensor.seedlings_moisture,1.1449047286623784,2025-05-22T15:58:04.216Z
sensor.seedlings_moisture,0.977627200983487,2025-05-22T15:59:04.215Z
sensor.seedlings_moisture,0.94195072198616,2025-05-22T16:00:04.221Z
sensor.seedlings_moisture,0.9624161176566963,2025-05-22T16:01:04.212Z
sensor.seedlings_moisture,0.9939300275824072,2025-05-22T16:02:04.210Z
sensor.seedlings_moisture,0.9914825491455123,2025-05-22T16:03:04.211Z
sensor.seedlings_moisture,0.9922092936687686,2025-05-22T16:04:04.207Z
sensor.seedlings_moisture,1.0686066703156676,2025-05-22T16:05:04.206Z
sensor.seedlings_moisture,0.9779222661833258,2025-05-22T16:06:04.204Z
sensor.seedlings_moisture,1.0262694431897559,2025-05-22T16:07:04.203Z
sensor.seedlings_moisture,1.0060709521288465,2025-05-22T16:08:04.201Z
sensor.seedlings_moisture,0.999980371286109,2025-05-22T16:09:04.199Z
sensor.seedlings_moisture,1.0665888678868325,2025-05-22T16:10:04.200Z
sensor.seedlings_moisture,0.9702199142964625,2025-05-22T16:11:04.196Z
sensor.seedlings_moisture,1.0031225986950805,2025-05-22T16:12:04.196Z
sensor.seedlings_moisture,0.9438544196061447,2025-05-22T16:13:04.193Z
sensor.seedlings_moisture,1.0473891386650775,2025-05-22T16:14:04.195Z
sensor.seedlings_moisture,1.003342374087266,2025-05-22T16:15:04.190Z
sensor.seedlings_moisture,0.9575606211057966,2025-05-22T16:16:04.189Z
sensor.seedlings_moisture,1.0222982430603926,2025-05-22T16:17:04.190Z
sensor.seedlings_moisture,0.986362267687892,2025-05-22T16:18:04.192Z
sensor.seedlings_moisture,0.97368898466092,2025-05-22T16:19:04.188Z
sensor.seedlings_moisture,1.029544027374848,2025-05-22T16:20:04.190Z
sensor.seedlings_moisture,0.9875545629075717,2025-05-22T16:21:04.181Z
sensor.seedlings_moisture,0.9717032921800087,2025-05-22T16:22:04.181Z
sensor.seedlings_moisture,0.970262887740858,2025-05-22T16:23:04.191Z
sensor.seedlings_moisture,0.9905813149897562,2025-05-22T16:24:04.184Z
sensor.seedlings_moisture,1.031417823658656,2025-05-22T16:25:04.176Z
sensor.seedlings_moisture,1.014245443256606,2025-05-22T16:26:04.178Z
sensor.seedlings_moisture,1.044117183000229,2025-05-22T16:27:04.178Z
sensor.seedlings_moisture,0.996494685959819,2025-05-22T16:28:04.172Z
sensor.seedlings_moisture,1.003830680723691,2025-05-22T16:29:04.171Z
sensor.seedlings_moisture,0.9589913434572,2025-05-22T16:30:04.169Z
sensor.seedlings_moisture,1.0338631114457384,2025-05-22T16:31:04.169Z
sensor.seedlings_moisture,0.996825381904784,2025-05-22T16:32:04.170Z
sensor.seedlings_moisture,0.9973266102630615,2025-05-22T16:33:04.165Z
sensor.seedlings_moisture,1.0323703675742832,2025-05-22T16:34:04.168Z
sensor.seedlings_moisture,0.9902943875910587,2025-05-22T16:35:04.162Z
sensor.seedlings_moisture,1.0454835851396742,2025-05-22T16:36:04.160Z
sensor.seedlings_moisture,0.9356377831613693,2025-05-22T16:37:04.159Z
sensor.seedlings_moisture,1.0278571968767352,2025-05-22T16:38:04.158Z
sensor.seedlings_moisture,0.9783818562341633,2025-05-22T16:39:04.158Z
sensor.seedlings_moisture,1.0238434589503882,2025-05-22T16:40:04.159Z
sensor.seedlings_moisture,0.9693170848065703,2025-05-22T16:41:04.162Z
sensor.seedlings_moisture,0.9609978330363677,2025-05-22T16:42:04.175Z
sensor.seedlings_moisture,1.005761924742603,2025-05-22T16:43:04.158Z
sensor.seedlings_moisture,0.9892115750338976,2025-05-22T16:44:04.157Z
sensor.seedlings_moisture,1.080043847469226,2025-05-22T16:45:04.147Z
sensor.seedlings_moisture,1.0020837947439813,2025-05-22T16:46:04.146Z
sensor.seedlings_moisture,0.9623392975458946,2025-05-22T16:47:04.145Z
sensor.seedlings_moisture,0.996408190857791,2025-05-22T16:48:04.143Z
sensor.seedlings_moisture,0.9926167729491884,2025-05-22T16:49:04.142Z
sensor.seedlings_moisture,1.0059463178260768,2025-05-22T16:50:04.139Z
sensor.seedlings_moisture,0.9937098258979425,2025-05-22T16:51:04.138Z
sensor.seedlings_moisture,0.9934314850203664,2025-05-22T16:52:04.143Z
sensor.seedlings_moisture,0.981761176431876,2025-05-22T16:53:04.134Z
sensor.seedlings_moisture,0.9732853929921087,2025-05-22T16:54:04.133Z
sensor.seedlings_moisture,1.0029721631844104,2025-05-22T16:55:04.134Z
sensor.seedlings_moisture,0.9940525621718115,2025-05-22T16:56:04.129Z
sensor.seedlings_moisture,1.003187622220025,2025-05-22T16:57:04.132Z
sensor.seedlings_moisture,1.0818938545835641,2025-05-22T16:58:04.126Z
sensor.seedlings_moisture,0.994179118093826,2025-05-22T16:59:04.125Z
sensor.seedlings_moisture,1.0857944006901519,2025-05-22T17:00:04.124Z
sensor.seedlings_moisture,1.0019475370462236,2025-05-22T17:01:04.121Z
sensor.seedlings_moisture,1.001806266481246,2025-05-22T17:02:04.120Z
sensor.seedlings_moisture,1.0242113730365618,2025-05-22T17:03:04.118Z
sensor.seedlings_moisture,0.9910300390174165,2025-05-22T17:04:04.116Z
sensor.seedlings_moisture,1.0056090047994688,2025-05-22T17:05:04.122Z
sensor.seedlings_moisture,1.0128848146678926,2025-05-22T17:06:04.113Z
sensor.seedlings_moisture,1.0033011066577457,2025-05-22T17:07:04.111Z
sensor.seedlings_moisture,1.0283558280880496,2025-05-22T17:08:04.110Z
sensor.seedlings_moisture,1.1699660579624152,2025-05-22T17:09:04.108Z
sensor.seedlings_moisture,1.1163244116381068,2025-05-22T17:10:04.107Z
sensor.seedlings_moisture,1.1044793763440846,2025-05-22T17:11:04.106Z
sensor.seedlings_moisture,1.1393532126599186,2025-05-22T17:12:04.104Z
sensor.seedlings_moisture,1.2743260309084832,2025-05-22T17:13:04.102Z
sensor.seedlings_moisture,1.1027826833722534,2025-05-22T17:14:04.101Z
sensor.seedlings_moisture,1.210432481833324,2025-05-22T17:15:04.099Z
sensor.seedlings_moisture,1.101058766428919,2025-05-22T17:16:04.098Z
sensor.seedlings_moisture,1.0746129894501344,2025-05-22T17:17:04.096Z
sensor.seedlings_moisture,1.1393182577747212,2025-05-22T17:18:04.095Z
sensor.seedlings_moisture,1.0949221105640448,2025-05-22T17:19:04.092Z
sensor.seedlings_moisture,1.104844743327278,2025-05-22T17:20:04.092Z
sensor.seedlings_moisture,1.0806314148959737,2025-05-22T17:21:04.090Z
sensor.seedlings_moisture,1.110730637271559,2025-05-22T17:22:04.089Z
sensor.seedlings_moisture,1.1657476567911929,2025-05-22T17:23:04.088Z
sensor.seedlings_moisture,1.0740938356993603,2025-05-22T17:24:04.086Z
sensor.seedlings_moisture,1.091230563480466,2025-05-22T17:25:04.085Z
sensor.seedlings_moisture,1.1549359803999053,2025-05-22T17:26:04.083Z
sensor.seedlings_moisture,1.0865260390266547,2025-05-22T17:27:04.082Z
sensor.seedlings_moisture,1.1597898804259863,2025-05-22T17:28:04.081Z
sensor.seedlings_moisture,1.1071384632711594,2025-05-22T17:29:04.079Z
sensor.seedlings_moisture,1.1187642514528147,2025-05-22T17:30:04.078Z
sensor.seedlings_moisture,1.110949514703627,2025-05-22T17:31:04.076Z
sensor.seedlings_moisture,1.107528448764063,2025-05-22T17:32:04.073Z
sensor.seedlings_moisture,1.102680929273341,2025-05-22T17:33:04.073Z
sensor.seedlings_moisture,1.25645017313597,2025-05-22T17:34:04.072Z
sensor.seedlings_moisture,1.0742610841927838,2025-05-22T17:35:04.073Z
sensor.seedlings_moisture,1.1400473637294168,2025-05-22T17:36:04.072Z
sensor.seedlings_moisture,1.0974663675843344,2025-05-22T17:37:04.068Z
sensor.seedlings_moisture,1.1376545816392063,2025-05-22T17:38:04.066Z
sensor.seedlings_moisture,1.122153505303866,2025-05-22T17:39:04.065Z
sensor.seedlings_moisture,1.1719496955344688,2025-05-22T17:40:04.064Z
sensor.seedlings_moisture,1.1439200025365657,2025-05-22T17:41:04.064Z
sensor.seedlings_moisture,1.1226833335910977,2025-05-22T17:42:04.061Z
sensor.seedlings_moisture,1.0866908482079027,2025-05-22T17:43:04.059Z
sensor.seedlings_moisture,1.1185883537759334,2025-05-22T17:44:04.058Z
sensor.seedlings_moisture,1.1135614488069794,2025-05-22T17:45:04.058Z
sensor.seedlings_moisture,1.1056571298295188,2025-05-22T17:46:04.055Z
sensor.seedlings_moisture,1.0955124846917226,2025-05-22T17:47:04.060Z
sensor.seedlings_moisture,1.0896278816447629,2025-05-22T17:48:04.051Z
sensor.seedlings_moisture,1.1083151404385005,2025-05-22T17:49:04.050Z
sensor.seedlings_moisture,1.1248170790417562,2025-05-22T17:50:04.049Z
sensor.seedlings_moisture,1.136987384641458,2025-05-22T17:51:04.047Z
sensor.seedlings_moisture,1.091873089094803,2025-05-22T17:52:04.046Z
sensor.seedlings_moisture,1.0983945806379525,2025-05-22T17:53:04.044Z
sensor.seedlings_moisture,1.0908089062580493,2025-05-22T17:54:04.043Z
sensor.seedlings_moisture,1.1141124036311538,2025-05-22T17:55:04.041Z
sensor.seedlings_moisture,1.113942310445133,2025-05-22T17:56:04.040Z
sensor.seedlings_moisture,1.1242414625590031,2025-05-22T17:57:04.041Z
sensor.seedlings_moisture,1.128867242737233,2025-05-22T17:58:04.037Z
sensor.seedlings_moisture,1.0843558558547581,2025-05-22T17:59:04.035Z
sensor.seedlings_moisture,1.1103245856250963,2025-05-22T18:00:04.034Z
sensor.seedlings_moisture,1.094530427179433,2025-05-22T18:01:04.033Z
sensor.seedlings_moisture,1.09658747704742,2025-05-22T18:02:04.031Z
sensor.seedlings_moisture,1.1090831820869835,2025-05-22T18:03:04.031Z
sensor.seedlings_moisture,1.1047061667395548,2025-05-22T18:04:04.028Z
sensor.seedlings_moisture,1.1161813979639923,2025-05-22T18:05:04.026Z
sensor.seedlings_moisture,1.115577701203955,2025-05-22T18:06:04.025Z
sensor.seedlings_moisture,1.1090249802122272,2025-05-22T18:07:04.024Z
sensor.seedlings_moisture,1.117481394354837,2025-05-22T18:08:04.022Z
sensor.seedlings_moisture,1.1242782783277896,2025-05-22T18:09:04.020Z
sensor.seedlings_moisture,1.1024718106875104,2025-05-22T18:10:04.018Z
sensor.seedlings_moisture,1.1257129539368826,2025-05-22T18:11:04.018Z
sensor.seedlings_moisture,1.0905579141202086,2025-05-22T18:12:04.022Z
sensor.seedlings_moisture,1.111607822335622,2025-05-22T18:13:04.014Z
sensor.seedlings_moisture,1.1163609516621449,2025-05-22T18:14:04.019Z
sensor.seedlings_moisture,1.0913074403836067,2025-05-22T18:15:04.011Z
sensor.seedlings_moisture,1.1123715792350433,2025-05-22T18:16:04.009Z
sensor.seedlings_moisture,1.0966385567305823,2025-05-22T18:17:04.009Z
sensor.seedlings_moisture,1.0869550931332335,2025-05-22T18:18:04.006Z
sensor.seedlings_moisture,1.234167098274233,2025-05-22T18:19:04.005Z
sensor.seedlings_moisture,1.106310837603475,2025-05-22T18:20:04.011Z
sensor.seedlings_moisture,1.0782230249714335,2025-05-22T18:21:04.002Z
sensor.seedlings_moisture,1.1127657076774606,2025-05-22T18:22:04.001Z
sensor.seedlings_moisture,1.0610914460979974,2025-05-22T18:23:03.999Z
sensor.seedlings_moisture,1.08207501764719,2025-05-22T18:24:03.998Z
sensor.seedlings_moisture,1.10537097491139,2025-05-22T18:25:03.996Z
sensor.seedlings_moisture,1.1110822324219352,2025-05-22T18:26:03.995Z
sensor.seedlings_moisture,1.1246622416914616,2025-05-22T18:27:03.993Z
sensor.seedlings_moisture,1.222327172241059,2025-05-22T18:28:03.994Z
sensor.seedlings_moisture,1.0843231207248145,2025-05-22T18:29:03.990Z
sensor.seedlings_moisture,1.08958895126953,2025-05-22T18:30:03.989Z
sensor.seedlings_moisture,1.0947943282161552,2025-05-22T18:31:03.987Z
sensor.seedlings_moisture,1.103277936415604,2025-05-22T18:32:03.985Z
sensor.seedlings_moisture,1.06813141471486,2025-05-22T18:33:03.983Z
sensor.seedlings_moisture,1.21378415046423,2025-05-22T18:34:03.983Z
sensor.seedlings_moisture,1.087781974520205,2025-05-22T18:35:03.981Z
sensor.seedlings_moisture,1.2033597167921537,2025-05-22T18:36:03.979Z
sensor.seedlings_moisture,1.0868967097066506,2025-05-22T18:37:03.977Z
sensor.seedlings_moisture,1.08682073118515,2025-05-22T18:38:03.978Z
sensor.seedlings_moisture,1.103731688544626,2025-05-22T18:39:03.974Z
sensor.seedlings_moisture,1.1330962239814018,2025-05-22T18:40:03.972Z
sensor.seedlings_moisture,1.0627997053540832,2025-05-22T18:41:03.973Z
sensor.seedlings_moisture,1.112277125289059,2025-05-22T18:42:03.972Z
sensor.seedlings_moisture,1.08392060304655,2025-05-22T18:43:03.967Z
sensor.seedlings_moisture,1.0811218344407554,2025-05-22T18:44:03.966Z
sensor.seedlings_moisture,1.0880037899646853,2025-05-22T18:45:03.964Z
sensor.seedlings_moisture,1.1187296803552407,2025-05-22T18:46:03.962Z
sensor.seedlings_moisture,1.140152346144722,2025-05-22T18:47:03.961Z
sensor.seedlings_moisture,1.183964046999078,2025-05-22T18:48:03.960Z
sensor.seedlings_moisture,1.0864839514648479,2025-05-22T18:49:03.958Z
sensor.seedlings_moisture,1.0641445002301455,2025-05-22T18:50:03.956Z
sensor.seedlings_moisture,1.1215497377833692,2025-05-22T18:51:03.955Z
sensor.seedlings_moisture,1.0881985841478952,2025-05-22T18:52:03.953Z
sensor.seedlings_moisture,1.0951821378774138,2025-05-22T18:53:03.955Z
sensor.seedlings_moisture,1.0934764226727685,2025-05-22T18:54:03.952Z
sensor.seedlings_moisture,1.0810131326651942,2025-05-22T18:55:03.953Z
sensor.seedlings_moisture,1.06997881321004,2025-05-22T18:56:03.947Z
sensor.seedlings_moisture,1.0722188696603168,2025-05-22T18:57:03.944Z
sensor.seedlings_moisture,1.0639752324233755,2025-05-22T18:58:03.945Z
sensor.seedlings_moisture,1.186784194571215,2025-05-22T18:59:03.942Z
sensor.seedlings_moisture,1.1578107575266372,2025-05-22T19:00:03.941Z
sensor.seedlings_moisture,1.075253568687615,2025-05-22T19:01:03.940Z
sensor.seedlings_moisture,1.087086396059296,2025-05-22T19:02:03.938Z
sensor.seedlings_moisture,1.1752438617595218,2025-05-22T19:03:03.937Z
sensor.seedlings_moisture,1.2132473575111244,2025-05-22T19:04:03.937Z
sensor.seedlings_moisture,1.0947046044157607,2025-05-22T19:05:03.933Z
sensor.seedlings_moisture,1.0799956496564866,2025-05-22T19:06:03.932Z
sensor.seedlings_moisture,1.0655345627389745,2025-05-22T19:07:03.930Z
sensor.seedlings_moisture,1.0419120350305715,2025-05-22T19:08:03.929Z
sensor.seedlings_moisture,1.125473351428484,2025-05-22T19:09:03.934Z
sensor.seedlings_moisture,1.0746187126153481,2025-05-22T19:10:03.928Z
sensor.seedlings_moisture,1.1733407165607004,2025-05-22T19:11:03.925Z
sensor.seedlings_moisture,1.100630882319756,2025-05-22T19:12:03.923Z
sensor.seedlings_moisture,1.0742295492610385,2025-05-22T19:13:03.922Z
sensor.seedlings_moisture,1.0899868808721924,2025-05-22T19:14:03.921Z
sensor.seedlings_moisture,1.0634195010045,2025-05-22T19:15:03.918Z
sensor.seedlings_moisture,1.0657002180794728,2025-05-22T19:16:03.918Z
sensor.seedlings_moisture,1.094392524671127,2025-05-22T19:17:03.916Z
sensor.seedlings_moisture,1.175638732881541,2025-05-22T19:18:03.915Z
sensor.seedlings_moisture,1.0944757790538255,2025-05-22T19:19:03.913Z
sensor.seedlings_moisture,1.1271414448477908,2025-05-22T19:20:03.911Z
sensor.seedlings_moisture,1.0754262649774413,2025-05-22T19:21:03.912Z
sensor.seedlings_moisture,1.0739006748463251,2025-05-22T19:22:03.914Z
sensor.seedlings_moisture,1.074661247676695,2025-05-22T19:23:03.907Z
sensor.seedlings_moisture,1.0865851131888964,2025-05-22T19:24:03.906Z
sensor.seedlings_moisture,1.0649837705794991,2025-05-22T19:25:03.904Z
sensor.seedlings_moisture,1.186056328384305,2025-05-22T19:26:03.903Z
sensor.seedlings_moisture,1.0947164818182882,2025-05-22T19:27:03.902Z
sensor.seedlings_moisture,1.0788879066758295,2025-05-22T19:28:03.901Z
sensor.seedlings_moisture,1.1956431092822828,2025-05-22T19:29:03.898Z
sensor.seedlings_moisture,1.0808510918985115,2025-05-22T19:30:03.897Z
sensor.seedlings_moisture,1.075179397134388,2025-05-22T19:31:03.895Z
sensor.seedlings_moisture,1.0703995087447984,2025-05-22T19:32:03.894Z
sensor.seedlings_moisture,1.1279018373898735,2025-05-22T19:33:03.894Z
sensor.seedlings_moisture,1.06875642114684,2025-05-22T19:34:03.891Z
sensor.seedlings_moisture,1.0895319650183224,2025-05-22T19:35:03.889Z
sensor.seedlings_moisture,1.0904631098581752,2025-05-22T19:36:03.888Z
sensor.seedlings_moisture,1.0637539362155886,2025-05-22T19:37:03.886Z
sensor.seedlings_moisture,1.1167128842717868,2025-05-22T19:38:03.885Z
sensor.seedlings_moisture,1.042883282157184,2025-05-22T19:39:03.883Z
sensor.seedlings_moisture,1.1789661224968144,2025-05-22T19:40:03.882Z
sensor.seedlings_moisture,1.0547755810394328,2025-05-22T19:41:03.880Z
sensor.seedlings_moisture,1.090506380548423,2025-05-22T19:42:03.879Z
sensor.seedlings_moisture,1.0720043655494422,2025-05-22T19:43:03.877Z
sensor.seedlings_moisture,1.0722586067359983,2025-05-22T19:44:03.874Z
sensor.seedlings_moisture,1.0770371022977512,2025-05-22T19:45:03.879Z
sensor.seedlings_moisture,1.0691703690877306,2025-05-22T19:46:03.873Z
sensor.seedlings_moisture,1.0749451495268056,2025-05-22T19:47:03.871Z
sensor.seedlings_moisture,1.0811760996897382,2025-05-22T19:48:03.869Z
sensor.seedlings_moisture,1.1396288568731336,2025-05-22T19:49:03.868Z
sensor.seedlings_moisture,1.0893294825015651,2025-05-22T19:50:03.866Z
sensor.seedlings_moisture,1.0825025898327933,2025-05-22T19:51:03.867Z
sensor.seedlings_moisture,1.2112747252816163,2025-05-22T19:52:03.863Z
sensor.seedlings_moisture,1.0746562837055138,2025-05-22T19:53:03.862Z
sensor.seedlings_moisture,1.1000199180330812,2025-05-22T19:54:03.860Z
sensor.seedlings_moisture,1.17427239129628,2025-05-22T19:55:03.858Z
sensor.seedlings_moisture,1.100247017406465,2025-05-22T19:56:03.857Z
sensor.seedlings_moisture,1.07869368962522,2025-05-22T19:57:03.857Z
sensor.seedlings_moisture,1.0845118590951675,2025-05-22T19:58:03.854Z
sensor.seedlings_moisture,1.1209818406570677,2025-05-22T19:59:03.853Z
sensor.seedlings_moisture,1.0746140466455674,2025-05-22T20:00:03.851Z
sensor.seedlings_moisture,1.0901075660427366,2025-05-22T20:01:03.850Z
sensor.seedlings_moisture,1.0847540118701149,2025-05-22T20:02:03.848Z
sensor.seedlings_moisture,1.0990808632222782,2025-05-22T20:03:03.847Z
sensor.seedlings_moisture,1.1124455949391352,2025-05-22T20:04:03.845Z
sensor.seedlings_moisture,1.2429105642260307,2025-05-22T20:05:03.850Z
sensor.seedlings_moisture,1.1080633096817618,2025-05-22T20:06:03.842Z
sensor.seedlings_moisture,1.1354325383656125,2025-05-22T20:07:03.840Z
sensor.seedlings_moisture,1.1306288142873266,2025-05-22T20:08:03.838Z
sensor.seedlings_moisture,1.105501390250563,2025-05-22T20:09:03.838Z
sensor.seedlings_moisture,1.088508266320558,2025-05-22T20:10:03.836Z
sensor.seedlings_moisture,1.1143074859235063,2025-05-22T20:11:03.834Z
sensor.seedlings_moisture,1.1271168044679964,2025-05-22T20:12:03.835Z
sensor.seedlings_moisture,1.1153548996247138,2025-05-22T20:13:03.831Z
sensor.seedlings_moisture,1.0791526973540229,2025-05-22T20:14:03.830Z
sensor.seedlings_moisture,1.12128167345994,2025-05-22T20:15:03.829Z
sensor.seedlings_moisture,1.1073371396136076,2025-05-22T20:16:03.827Z
sensor.seedlings_moisture,1.2213716683748026,2025-05-22T20:17:03.826Z
sensor.seedlings_moisture,1.0936903765100592,2025-05-22T20:18:03.824Z
sensor.seedlings_moisture,1.0902439126736305,2025-05-22T20:19:03.822Z
sensor.seedlings_moisture,1.130432766585424,2025-05-22T20:20:03.821Z
sensor.seedlings_moisture,1.092200760830696,2025-05-22T20:21:03.824Z
sensor.seedlings_moisture,1.0631021984619513,2025-05-22T20:22:03.819Z
sensor.seedlings_moisture,1.0934444754216843,2025-05-22T20:23:03.817Z
sensor.seedlings_moisture,1.1348525357106711,2025-05-22T20:24:03.816Z
sensor.seedlings_moisture,1.17780346995568,2025-05-22T20:25:03.814Z
sensor.seedlings_moisture,1.075230339619623,2025-05-22T20:26:03.813Z
sensor.seedlings_moisture,1.1697543603452842,2025-05-22T20:27:03.812Z
sensor.seedlings_moisture,1.105535289587971,2025-05-22T20:28:03.813Z
sensor.seedlings_moisture,1.1359736368518245,2025-05-22T20:29:03.809Z
sensor.seedlings_moisture,1.102789844936721,2025-05-22T20:30:03.807Z
sensor.seedlings_moisture,1.086487504308315,2025-05-22T20:31:03.805Z
sensor.seedlings_moisture,1.09341078205347,2025-05-22T20:32:03.808Z
sensor.seedlings_moisture,1.195451639702001,2025-05-22T20:33:03.805Z
sensor.seedlings_moisture,1.1046090007463025,2025-05-22T20:34:03.802Z
sensor.seedlings_moisture,1.09488321381675,2025-05-22T20:35:03.800Z
sensor.seedlings_moisture,1.0962295983676025,2025-05-22T20:36:03.799Z
sensor.seedlings_moisture,1.095417883354952,2025-05-22T20:37:03.797Z
sensor.seedlings_moisture,1.1199577185916814,2025-05-22T20:38:03.797Z
sensor.seedlings_moisture,1.1019492811547869,2025-05-22T20:39:03.794Z
sensor.seedlings_moisture,1.1284054133482244,2025-05-22T20:40:03.793Z
sensor.seedlings_moisture,1.1897439105123837,2025-05-22T20:41:03.791Z
sensor.seedlings_moisture,1.0769259255204566,2025-05-22T20:42:03.789Z
sensor.seedlings_moisture,1.091398751142448,2025-05-22T20:43:03.787Z
sensor.seedlings_moisture,1.0608100914037044,2025-05-22T20:44:03.787Z
sensor.seedlings_moisture,1.1822014252481463,2025-05-22T20:45:03.785Z
sensor.seedlings_moisture,1.0966707483538347,2025-05-22T20:46:03.789Z
sensor.seedlings_moisture,1.1040206855498509,2025-05-22T20:47:03.782Z
sensor.seedlings_moisture,1.0660477717799726,2025-05-22T20:48:03.781Z
sensor.seedlings_moisture,1.0811943995270874,2025-05-22T20:49:03.779Z
sensor.seedlings_moisture,1.1209693009514292,2025-05-22T20:50:03.778Z
sensor.seedlings_moisture,1.0958591945394307,2025-05-22T20:51:03.779Z
sensor.seedlings_moisture,1.087826547287023,2025-05-22T20:52:03.777Z
sensor.seedlings_moisture,1.098167063922363,2025-05-22T20:53:03.793Z
sensor.seedlings_moisture,1.123302166393925,2025-05-22T20:54:03.772Z
sensor.seedlings_moisture,1.0912823697139378,2025-05-22T20:55:03.770Z
sensor.seedlings_moisture,1.0815128319649434,2025-05-22T20:56:03.773Z
sensor.seedlings_moisture,1.1173172308346786,2025-05-22T20:57:03.767Z
sensor.seedlings_moisture,1.0844654757571741,2025-05-22T20:58:03.766Z
sensor.seedlings_moisture,1.0854497589521763,2025-05-22T20:59:03.764Z
sensor.seedlings_moisture,1.0617090887950895,2025-05-22T21:00:03.763Z
sensor.seedlings_moisture,1.0950625363742725,2025-05-22T21:01:03.761Z
sensor.seedlings_moisture,1.0792966284725625,2025-05-22T21:02:03.760Z
sensor.seedlings_moisture,1.11561489582465,2025-05-22T21:03:03.759Z
sensor.seedlings_moisture,1.1045629565978188,2025-05-22T21:04:03.757Z
sensor.seedlings_moisture,1.107564395080651,2025-05-22T21:05:03.755Z
sensor.seedlings_moisture,1.0852351626525212,2025-05-22T21:06:03.753Z
sensor.seedlings_moisture,1.135402174562092,2025-05-22T21:07:03.751Z
sensor.seedlings_moisture,1.0968885763316227,2025-05-22T21:08:03.754Z
sensor.seedlings_moisture,1.1311215010128282,2025-05-22T21:09:03.750Z
sensor.seedlings_moisture,1.1420291917688445,2025-05-22T21:10:03.748Z
sensor.seedlings_moisture,1.139783356094056,2025-05-22T21:11:03.747Z
sensor.seedlings_moisture,1.2088846267005133,2025-05-22T21:12:03.746Z
sensor.seedlings_moisture,1.1817062977232993,2025-05-22T21:13:03.744Z
sensor.seedlings_moisture,1.1889031470756826,2025-05-22T21:14:03.742Z
sensor.seedlings_moisture,1.1938134031545862,2025-05-22T21:15:03.741Z
sensor.seedlings_moisture,1.2011294658415614,2025-05-22T21:16:03.741Z
sensor.seedlings_moisture,1.2142247263461374,2025-05-22T21:17:03.738Z
sensor.seedlings_moisture,1.203952902873761,2025-05-22T21:18:03.737Z
sensor.seedlings_moisture,1.2047333337136963,2025-05-22T21:19:03.735Z
sensor.seedlings_moisture,1.201717815600704,2025-05-22T21:20:03.734Z
sensor.seedlings_moisture,1.2005637894081036,2025-05-22T21:21:03.732Z
sensor.seedlings_moisture,1.2232015827553,2025-05-22T21:22:03.731Z
sensor.seedlings_moisture,1.2279299092407847,2025-05-22T21:23:03.729Z
sensor.seedlings_moisture,1.233088706393394,2025-05-22T21:24:03.727Z
sensor.seedlings_moisture,1.2323799748479196,2025-05-22T21:25:03.725Z
sensor.seedlings_moisture,1.2274888108226458,2025-05-22T21:26:03.724Z
sensor.seedlings_moisture,1.2278449878339381,2025-05-22T21:27:03.722Z
sensor.seedlings_moisture,1.202090441010845,2025-05-22T21:28:03.720Z
sensor.seedlings_moisture,1.1938930182585767,2025-05-22T21:29:03.719Z
sensor.seedlings_moisture,1.201322345005166,2025-05-22T21:30:03.717Z
sensor.seedlings_moisture,1.158496709804569,2025-05-22T21:31:03.718Z
sensor.seedlings_moisture,1.1536037911196206,2025-05-22T21:32:03.715Z
sensor.seedlings_moisture,1.1363725554653505,2025-05-22T21:33:03.713Z
sensor.seedlings_moisture,1.1530402903660109,2025-05-22T21:34:03.711Z
sensor.seedlings_moisture,1.1587777643796926,2025-05-22T21:35:03.710Z
sensor.seedlings_moisture,1.1672613872268625,2025-05-22T21:36:03.712Z
sensor.seedlings_moisture,1.155358592389789,2025-05-22T21:37:03.707Z
sensor.seedlings_moisture,1.1301965363000248,2025-05-22T21:38:03.706Z
sensor.seedlings_moisture,1.1494937970671844,2025-05-22T21:39:03.703Z
sensor.seedlings_moisture,1.123416427977379,2025-05-22T21:40:03.701Z
sensor.seedlings_moisture,1.092713723832694,2025-05-22T21:41:03.700Z
sensor.seedlings_moisture,1.1162908306087007,2025-05-22T21:42:03.699Z
sensor.seedlings_moisture,1.1197458728016565,2025-05-22T21:43:03.698Z
sensor.seedlings_moisture,1.1266386604035685,2025-05-22T21:44:03.698Z
sensor.seedlings_moisture,1.1326311605352921,2025-05-22T21:45:03.694Z
sensor.seedlings_moisture,1.1422054310874534,2025-05-22T21:46:03.693Z
sensor.seedlings_moisture,1.134595190622707,2025-05-22T21:47:03.691Z
sensor.seedlings_moisture,1.1211816619881927,2025-05-22T21:48:03.690Z
sensor.seedlings_moisture,1.1205170693343929,2025-05-22T21:49:03.688Z
sensor.seedlings_moisture,1.141891916160731,2025-05-22T21:50:03.687Z
sensor.seedlings_moisture,1.1411512405565054,2025-05-22T21:51:03.685Z
sensor.seedlings_moisture,1.126365091274603,2025-05-22T21:52:03.684Z
sensor.seedlings_moisture,1.1192371886895485,2025-05-22T21:53:03.682Z
sensor.seedlings_moisture,1.1116611937975958,2025-05-22T21:54:03.680Z
sensor.seedlings_moisture,1.13212107998445,2025-05-22T21:55:03.680Z
sensor.seedlings_moisture,1.1374216546614442,2025-05-22T21:56:03.678Z
sensor.seedlings_moisture,1.1151500764333793,2025-05-22T21:57:03.676Z
sensor.seedlings_moisture,1.1151318309987,2025-05-22T21:58:03.674Z
sensor.seedlings_moisture,1.2872166214821457,2025-05-22T21:59:03.673Z
sensor.seedlings_moisture,1.1219484848169983,2025-05-22T22:00:03.671Z
sensor.seedlings_moisture,1.090632235313505,2025-05-22T22:01:03.670Z
sensor.seedlings_moisture,1.1040379326312078,2025-05-22T22:02:03.668Z
sensor.seedlings_moisture,1.1113471209242145,2025-05-22T22:03:03.667Z
sensor.seedlings_moisture,1.1233934851002032,2025-05-22T22:04:03.665Z
sensor.seedlings_moisture,1.1073999522639715,2025-05-22T22:05:03.664Z
sensor.seedlings_moisture,1.1334413555499692,2025-05-22T22:06:03.662Z
sensor.seedlings_moisture,1.1597826176946184,2025-05-22T22:07:03.661Z
sensor.seedlings_moisture,1.105469029152634,2025-05-22T22:08:03.659Z
sensor.seedlings_moisture,1.103736078224739,2025-05-22T22:09:03.657Z
sensor.seedlings_moisture,1.0839587431813578,2025-05-22T22:10:03.656Z
sensor.seedlings_moisture,1.095711730387129,2025-05-22T22:11:03.654Z
sensor.seedlings_moisture,1.081107434287153,2025-05-22T22:12:03.653Z
sensor.seedlings_moisture,1.0832628477614068,2025-05-22T22:13:03.652Z
sensor.seedlings_moisture,1.1060649071114006,2025-05-22T22:14:03.650Z
sensor.seedlings_moisture,1.0832377645503866,2025-05-22T22:15:03.649Z
sensor.seedlings_moisture,1.1004386178381995,2025-05-22T22:16:03.647Z
sensor.seedlings_moisture,1.103987233894357,2025-05-22T22:17:03.646Z
sensor.seedlings_moisture,1.070541330986098,2025-05-22T22:18:03.645Z
sensor.seedlings_moisture,1.0923258727136431,2025-05-22T22:19:03.642Z
sensor.seedlings_moisture,1.0854474099917848,2025-05-22T22:20:03.645Z
sensor.seedlings_moisture,1.0972134362119736,2025-05-22T22:21:03.639Z
sensor.seedlings_moisture,1.0996581679829835,2025-05-22T22:22:03.638Z
sensor.seedlings_moisture,1.2064179736373026,2025-05-22T22:23:03.636Z
sensor.seedlings_moisture,1.086131088731448,2025-05-22T22:24:03.635Z
sensor.seedlings_moisture,1.077781658890463,2025-05-22T22:25:03.633Z
sensor.seedlings_moisture,1.0518393665326808,2025-05-22T22:26:03.632Z
sensor.seedlings_moisture,1.0805720389268796,2025-05-22T22:27:03.630Z
sensor.seedlings_moisture,1.13345289410477,2025-05-22T22:28:03.630Z
sensor.seedlings_moisture,1.063352307771622,2025-05-22T22:29:03.627Z
sensor.seedlings_moisture,1.0620870786019063,2025-05-22T22:30:03.626Z
sensor.seedlings_moisture,1.0868889233052876,2025-05-22T22:31:03.629Z
sensor.seedlings_moisture,1.0934048864497536,2025-05-22T22:32:03.623Z
sensor.seedlings_moisture,1.0648883643458504,2025-05-22T22:33:03.622Z
sensor.seedlings_moisture,1.1051091359208218,2025-05-22T22:34:03.621Z
sensor.seedlings_moisture,1.1090767950534237,2025-05-22T22:35:03.619Z
sensor.seedlings_moisture,1.08765921547702,2025-05-22T22:36:03.618Z
sensor.seedlings_moisture,1.1029347289539562,2025-05-22T22:37:03.616Z
sensor.seedlings_moisture,1.1299508556693847,2025-05-22T22:38:03.615Z
sensor.seedlings_moisture,1.0916805064463766,2025-05-22T22:39:03.612Z
sensor.seedlings_moisture,1.0674646365805964,2025-05-22T22:40:03.612Z
sensor.seedlings_moisture,1.1046874743710273,2025-05-22T22:41:03.610Z
sensor.seedlings_moisture,1.1280871157847012,2025-05-22T22:42:03.609Z
sensor.seedlings_moisture,1.0981659945752846,2025-05-22T22:43:03.616Z
sensor.seedlings_moisture,1.1174977540333546,2025-05-22T22:44:03.607Z
sensor.seedlings_moisture,1.068349217858069,2025-05-22T22:45:03.605Z
sensor.seedlings_moisture,1.0713430789918648,2025-05-22T22:46:03.604Z
sensor.seedlings_moisture,1.0623792762887938,2025-05-22T22:47:03.602Z
sensor.seedlings_moisture,1.07695961734411,2025-05-22T22:48:03.601Z
sensor.seedlings_moisture,1.0749438348365143,2025-05-22T22:49:03.599Z
sensor.seedlings_moisture,1.0996487492792248,2025-05-22T22:50:03.598Z
sensor.seedlings_moisture,1.0971359791925606,2025-05-22T22:51:03.599Z
sensor.seedlings_moisture,1.091132688425448,2025-05-22T22:52:03.595Z
sensor.seedlings_moisture,1.0737036447186823,2025-05-22T22:53:03.592Z
sensor.seedlings_moisture,1.059725572296303,2025-05-22T22:54:03.591Z
sensor.seedlings_moisture,1.0979447284835189,2025-05-22T22:55:03.591Z
sensor.seedlings_moisture,1.1133245269773313,2025-05-22T22:56:03.589Z
sensor.seedlings_moisture,1.0764164372925848,2025-05-22T22:57:03.588Z
sensor.seedlings_moisture,1.1195812055826306,2025-05-22T22:58:03.586Z
sensor.seedlings_moisture,1.089284304968205,2025-05-22T22:59:03.587Z
sensor.seedlings_moisture,1.07785490884526,2025-05-22T23:00:03.583Z
sensor.seedlings_moisture,1.1397790932646723,2025-05-22T23:01:03.582Z
sensor.seedlings_moisture,1.0586661547117258,2025-05-22T23:02:03.580Z
sensor.seedlings_moisture,1.0854557686383117,2025-05-22T23:03:03.579Z
sensor.seedlings_moisture,1.063084897112868,2025-05-22T23:04:03.577Z
sensor.seedlings_moisture,1.0752417238334264,2025-05-22T23:05:03.575Z
sensor.seedlings_moisture,1.0730434918038405,2025-05-22T23:06:03.574Z
sensor.seedlings_moisture,1.0626566668157325,2025-05-22T23:07:03.571Z
sensor.seedlings_moisture,1.060775587856785,2025-05-22T23:08:03.570Z
sensor.seedlings_moisture,1.0771638991476324,2025-05-22T23:09:03.569Z
sensor.seedlings_moisture,1.0848651991197955,2025-05-22T23:10:03.567Z
sensor.seedlings_moisture,1.05724596249978,2025-05-22T23:11:03.566Z
sensor.seedlings_moisture,1.1557642728041064,2025-05-22T23:12:03.564Z
sensor.seedlings_moisture,1.058658689599225,2025-05-22T23:13:03.562Z
sensor.seedlings_moisture,1.0811156862968232,2025-05-22T23:14:03.561Z
sensor.seedlings_moisture,1.2081574004830211,2025-05-22T23:15:03.559Z
sensor.seedlings_moisture,1.104456490100844,2025-05-22T23:16:03.558Z
sensor.seedlings_moisture,1.1050620021542346,2025-05-22T23:17:03.555Z
sensor.seedlings_moisture,1.0767056548773646,2025-05-22T23:18:03.554Z
sensor.seedlings_moisture,1.0773018914489767,2025-05-22T23:19:03.553Z
sensor.seedlings_moisture,1.0645372667407842,2025-05-22T23:20:03.551Z
sensor.seedlings_moisture,1.1616558827771626,2025-05-22T23:21:03.550Z
sensor.seedlings_moisture,1.0820920954349242,2025-05-22T23:22:03.548Z
sensor.seedlings_moisture,1.0752035201191592,2025-05-22T23:23:03.547Z
sensor.seedlings_moisture,1.07143909514459,2025-05-22T23:24:03.545Z
sensor.seedlings_moisture,1.0713141782634936,2025-05-22T23:25:03.544Z
sensor.seedlings_moisture,1.071781627859399,2025-05-22T23:26:03.542Z
sensor.seedlings_moisture,1.1849621667723578,2025-05-22T23:27:03.541Z
sensor.seedlings_moisture,1.0974419917315663,2025-05-22T23:28:03.539Z
sensor.seedlings_moisture,1.0785227374527286,2025-05-22T23:29:03.537Z
sensor.seedlings_moisture,1.123152643600187,2025-05-22T23:30:03.536Z
sensor.seedlings_moisture,1.0694116515300625,2025-05-22T23:31:03.534Z
sensor.seedlings_moisture,1.0879725801576323,2025-05-22T23:32:03.533Z
sensor.seedlings_moisture,1.0797287264422817,2025-05-22T23:33:03.531Z
sensor.seedlings_moisture,1.0647953532931753,2025-05-22T23:34:03.531Z
sensor.seedlings_moisture,1.120758926923246,2025-05-22T23:35:03.528Z
sensor.seedlings_moisture,1.07658415256953,2025-05-22T23:36:03.527Z
sensor.seedlings_moisture,1.072204238925747,2025-05-22T23:37:03.524Z
sensor.seedlings_moisture,1.0816344766864054,2025-05-22T23:38:03.524Z
sensor.seedlings_moisture,1.0857550400801053,2025-05-22T23:39:03.522Z
sensor.seedlings_moisture,1.1800124206052742,2025-05-22T23:40:03.521Z
sensor.seedlings_moisture,1.0749874208437418,2025-05-22T23:41:03.520Z
sensor.seedlings_moisture,1.1282130573439049,2025-05-22T23:42:03.519Z
sensor.seedlings_moisture,1.105886643496785,2025-05-22T23:43:03.517Z
sensor.seedlings_moisture,1.0906044759018096,2025-05-22T23:44:03.516Z
sensor.seedlings_moisture,1.070695155112377,2025-05-22T23:45:03.514Z
sensor.seedlings_moisture,1.0609658037465943,2025-05-22T23:46:03.514Z
sensor.seedlings_moisture,1.0418930756046323,2025-05-22T23:47:03.511Z
sensor.seedlings_moisture,1.098249624081538,2025-05-22T23:48:03.510Z
sensor.seedlings_moisture,1.09397136445449,2025-05-22T23:49:03.509Z
sensor.seedlings_moisture,1.0546579573921306,2025-05-22T23:50:03.507Z
sensor.seedlings_moisture,1.141962783481626,2025-05-22T23:51:03.506Z
sensor.seedlings_moisture,1.058042131690374,2025-05-22T23:52:03.505Z
sensor.seedlings_moisture,1.1471116244322184,2025-05-22T23:53:03.504Z
sensor.seedlings_moisture,1.0760262694931715,2025-05-22T23:54:03.503Z
sensor.seedlings_moisture,1.0595894550160254,2025-05-22T23:55:03.501Z
sensor.seedlings_moisture,1.065083161905816,2025-05-22T23:56:03.499Z
sensor.seedlings_moisture,1.0490160176320242,2025-05-22T23:57:03.498Z
sensor.seedlings_moisture,1.2022454345129867,2025-05-22T23:58:03.496Z
sensor.seedlings_moisture,1.2079498188039017,2025-05-22T23:59:03.495Z
sensor.seedlings_moisture,1.2187360176426667,2025-05-23T00:00:03.493Z
sensor.seedlings_moisture,1.0873234757473456,2025-05-23T00:01:03.492Z
sensor.seedlings_moisture,1.178205129477854,2025-05-23T00:02:03.490Z
sensor.seedlings_moisture,1.0616132275215295,2025-05-23T00:03:03.489Z
sensor.seedlings_moisture,1.0816393373074527,2025-05-23T00:04:03.488Z
sensor.seedlings_moisture,1.1725188212260595,2025-05-23T00:05:03.487Z
sensor.seedlings_moisture,1.1476350433990716,2025-05-23T00:06:03.489Z
sensor.seedlings_moisture,1.0867836336198438,2025-05-23T00:07:03.483Z
sensor.seedlings_moisture,1.0813629942742913,2025-05-23T00:08:03.482Z
sensor.seedlings_moisture,1.0721075509507634,2025-05-23T00:09:03.485Z
sensor.seedlings_moisture,1.069039319666217,2025-05-23T00:10:03.479Z
sensor.seedlings_moisture,1.065662364977124,2025-05-23T00:11:03.477Z
sensor.seedlings_moisture,1.06234473129235,2025-05-23T00:12:03.475Z
sensor.seedlings_moisture,1.0692811983580945,2025-05-23T00:13:03.474Z
sensor.seedlings_moisture,1.069588226504539,2025-05-23T00:14:03.472Z
sensor.seedlings_moisture,1.084202379073603,2025-05-23T00:15:03.470Z
sensor.seedlings_moisture,1.0641192845362846,2025-05-23T00:16:03.469Z
sensor.seedlings_moisture,1.0925622558997172,2025-05-23T00:17:03.468Z
sensor.seedlings_moisture,1.0755252177244166,2025-05-23T00:18:03.466Z
sensor.seedlings_moisture,1.0750780988171116,2025-05-23T00:19:03.464Z
sensor.seedlings_moisture,1.0851144630496348,2025-05-23T00:20:03.463Z
sensor.seedlings_moisture,1.0760307153185529,2025-05-23T00:21:03.461Z
sensor.seedlings_moisture,1.0753556219328617,2025-05-23T00:22:03.460Z
sensor.seedlings_moisture,1.0520152799329459,2025-05-23T00:23:03.458Z
sensor.seedlings_moisture,1.059295881579792,2025-05-23T00:24:03.456Z
sensor.seedlings_moisture,1.078042635187608,2025-05-23T00:25:03.455Z
sensor.seedlings_moisture,1.1182279434076141,2025-05-23T00:26:03.453Z
sensor.seedlings_moisture,1.1176004617063293,2025-05-23T00:27:03.452Z
sensor.seedlings_moisture,1.1967812337764197,2025-05-23T00:28:03.450Z
sensor.seedlings_moisture,1.191882213348375,2025-05-23T00:29:03.449Z
sensor.seedlings_moisture,1.0913729317094918,2025-05-23T00:30:03.447Z
sensor.seedlings_moisture,1.0699576484447864,2025-05-23T00:31:03.446Z
sensor.seedlings_moisture,1.0740968749291964,2025-05-23T00:32:03.444Z
sensor.seedlings_moisture,1.0994285065272833,2025-05-23T00:33:03.449Z
sensor.seedlings_moisture,1.07433499001565,2025-05-23T00:34:03.441Z
sensor.seedlings_moisture,1.0833326390654412,2025-05-23T00:35:03.438Z
sensor.seedlings_moisture,1.097207934240337,2025-05-23T00:36:03.438Z
sensor.seedlings_moisture,1.07751056992105,2025-05-23T00:37:03.437Z
sensor.seedlings_moisture,1.090833364889294,2025-05-23T00:38:03.435Z
sensor.seedlings_moisture,1.0619089513192974,2025-05-23T00:39:03.434Z
sensor.seedlings_moisture,1.0767175022923952,2025-05-23T00:40:03.434Z
sensor.seedlings_moisture,1.2198084807371359,2025-05-23T00:41:03.431Z
sensor.seedlings_moisture,1.0550428576124413,2025-05-23T00:42:03.429Z
sensor.seedlings_moisture,1.066045186236026,2025-05-23T00:43:03.428Z
sensor.seedlings_moisture,1.1427806311485416,2025-05-23T00:44:03.426Z
sensor.seedlings_moisture,1.041885786735522,2025-05-23T00:45:03.425Z
sensor.seedlings_moisture,1.0925732821164778,2025-05-23T00:46:03.423Z
sensor.seedlings_moisture,1.0697463771945173,2025-05-23T00:47:03.424Z
sensor.seedlings_moisture,1.0659950090134378,2025-05-23T00:48:03.420Z
sensor.seedlings_moisture,1.0601145554842812,2025-05-23T00:49:03.418Z
sensor.seedlings_moisture,1.124538484841611,2025-05-23T00:50:03.417Z
sensor.seedlings_moisture,1.0772957174687978,2025-05-23T00:51:03.415Z
sensor.seedlings_moisture,1.0722957111026221,2025-05-23T00:52:03.414Z
sensor.seedlings_moisture,1.1004052205372679,2025-05-23T00:53:03.412Z
sensor.seedlings_moisture,1.148508213404678,2025-05-23T00:54:03.411Z
sensor.seedlings_moisture,1.0877552066744196,2025-05-23T00:55:03.409Z
sensor.seedlings_moisture,1.0690364893018243,2025-05-23T00:56:03.407Z
sensor.seedlings_moisture,1.0666693466200967,2025-05-23T00:57:03.406Z
sensor.seedlings_moisture,1.0923310750787032,2025-05-23T00:58:03.404Z
sensor.seedlings_moisture,1.0583181724146713,2025-05-23T00:59:03.403Z
sensor.seedlings_moisture,1.106044162655636,2025-05-23T01:00:03.407Z
sensor.seedlings_moisture,1.0681101067404852,2025-05-23T01:01:03.400Z
sensor.seedlings_moisture,1.07310820664713,2025-05-23T01:02:03.398Z
sensor.seedlings_moisture,1.0598441443436504,2025-05-23T01:03:03.397Z
sensor.seedlings_moisture,1.061862194822565,2025-05-23T01:04:03.396Z
sensor.seedlings_moisture,1.0789038796833677,2025-05-23T01:05:03.395Z
sensor.seedlings_moisture,1.0776666136328583,2025-05-23T01:06:03.392Z
sensor.seedlings_moisture,1.06718920746877,2025-05-23T01:07:03.391Z
sensor.seedlings_moisture,1.0752646550678617,2025-05-23T01:08:03.391Z
sensor.seedlings_moisture,1.0788653865355284,2025-05-23T01:09:03.390Z
sensor.seedlings_moisture,1.0843627826849263,2025-05-23T01:10:03.386Z
sensor.seedlings_moisture,1.0938212097215025,2025-05-23T01:11:03.384Z
sensor.seedlings_moisture,1.0606934322820365,2025-05-23T01:12:03.383Z
sensor.seedlings_moisture,1.1350958601391312,2025-05-23T01:13:03.382Z
sensor.seedlings_moisture,1.0669200165370059,2025-05-23T01:14:03.380Z
sensor.seedlings_moisture,1.163261938456205,2025-05-23T01:15:03.378Z
sensor.seedlings_moisture,1.1027642265571167,2025-05-23T01:16:03.378Z
sensor.seedlings_moisture,1.0696689509932138,2025-05-23T01:17:03.376Z
sensor.seedlings_moisture,1.1480810740491771,2025-05-23T01:18:03.374Z
sensor.seedlings_moisture,1.1215599155419815,2025-05-23T01:19:03.373Z
sensor.seedlings_moisture,1.0773143082204826,2025-05-23T01:20:03.371Z
sensor.seedlings_moisture,1.0789097531126477,2025-05-23T01:21:03.370Z
sensor.seedlings_moisture,1.0652553958085473,2025-05-23T01:22:03.372Z
sensor.seedlings_moisture,1.120325176880395,2025-05-23T01:23:03.367Z
sensor.seedlings_moisture,1.0671597822734964,2025-05-23T01:24:03.365Z
sensor.seedlings_moisture,1.1538193585751584,2025-05-23T01:25:03.364Z
sensor.seedlings_moisture,1.0924961537595508,2025-05-23T01:26:03.362Z
sensor.seedlings_moisture,1.0668545946965045,2025-05-23T01:27:03.361Z
sensor.seedlings_moisture,1.0712345152096385,2025-05-23T01:28:03.360Z
sensor.seedlings_moisture,1.0788719709579981,2025-05-23T01:29:03.358Z
sensor.seedlings_moisture,1.05640732545948,2025-05-23T01:30:03.357Z
sensor.seedlings_moisture,1.0677402047870714,2025-05-23T01:31:03.355Z
sensor.seedlings_moisture,1.0557392981574976,2025-05-23T01:32:03.353Z
sensor.seedlings_moisture,1.1388354155044689,2025-05-23T01:33:03.351Z
sensor.seedlings_moisture,1.076983792396278,2025-05-23T01:34:03.351Z
sensor.seedlings_moisture,1.042982236759829,2025-05-23T01:35:03.349Z
sensor.seedlings_moisture,1.0549088289504116,2025-05-23T01:36:03.348Z
sensor.seedlings_moisture,1.0440564268681147,2025-05-23T01:37:03.346Z
sensor.seedlings_moisture,1.0691843925846045,2025-05-23T01:38:03.345Z
sensor.seedlings_moisture,1.0806528122112764,2025-05-23T01:39:03.343Z
sensor.seedlings_moisture,1.0665607980837644,2025-05-23T01:40:03.343Z
sensor.seedlings_moisture,1.090978958820401,2025-05-23T01:41:03.340Z
sensor.seedlings_moisture,1.0727573784836693,2025-05-23T01:42:03.339Z
sensor.seedlings_moisture,1.061423370587159,2025-05-23T01:43:03.337Z
sensor.seedlings_moisture,1.0305421915556405,2025-05-23T01:44:03.336Z
sensor.seedlings_moisture,1.0938629927349532,2025-05-23T01:45:03.335Z
sensor.seedlings_moisture,1.1316917676281588,2025-05-23T01:46:03.333Z
sensor.seedlings_moisture,1.0387320999685274,2025-05-23T01:47:03.332Z
sensor.seedlings_moisture,1.0616906437271025,2025-05-23T01:48:03.330Z
sensor.seedlings_moisture,1.0904500957961811,2025-05-23T01:49:03.328Z
sensor.seedlings_moisture,1.0597471056963403,2025-05-23T01:50:03.327Z
sensor.seedlings_moisture,1.063537776904596,2025-05-23T01:51:03.326Z
sensor.seedlings_moisture,1.0578518341302918,2025-05-23T01:52:03.326Z
sensor.seedlings_moisture,1.0495024906867054,2025-05-23T01:53:03.322Z
sensor.seedlings_moisture,1.0717255243362167,2025-05-23T01:54:03.321Z
sensor.seedlings_moisture,1.0820251681274546,2025-05-23T01:55:03.319Z
sensor.seedlings_moisture,1.067523786072796,2025-05-23T01:56:03.318Z
sensor.seedlings_moisture,1.0621215416877308,2025-05-23T01:57:03.317Z
sensor.seedlings_moisture,1.03574254291996,2025-05-23T01:58:03.318Z
sensor.seedlings_moisture,1.0892182931580188,2025-05-23T01:59:03.314Z
sensor.seedlings_moisture,1.043149178200104,2025-05-23T02:00:03.312Z
sensor.seedlings_moisture,1.0689081154730764,2025-05-23T02:01:03.310Z
sensor.seedlings_moisture,1.0410727089561387,2025-05-23T02:02:03.310Z
sensor.seedlings_moisture,1.164446603654234,2025-05-23T02:03:03.309Z
sensor.seedlings_moisture,1.0616306115167593,2025-05-23T02:04:03.307Z
sensor.seedlings_moisture,1.077074484664809,2025-05-23T02:05:03.305Z
sensor.seedlings_moisture,1.080787863294233,2025-05-23T02:06:03.304Z
sensor.seedlings_moisture,1.0749924557569348,2025-05-23T02:07:03.302Z
sensor.seedlings_moisture,1.1189932032602168,2025-05-23T02:08:03.301Z
sensor.seedlings_moisture,1.2108245770138593,2025-05-23T02:09:03.299Z
sensor.seedlings_moisture,1.1094293578425853,2025-05-23T02:10:03.298Z
sensor.seedlings_moisture,1.0443456650466656,2025-05-23T02:11:03.296Z
sensor.seedlings_moisture,1.0948849937990637,2025-05-23T02:12:03.295Z
sensor.seedlings_moisture,1.0537140067636,2025-05-23T02:13:03.293Z
sensor.seedlings_moisture,1.1087631828510904,2025-05-23T02:14:03.291Z
sensor.seedlings_moisture,1.1230241398338063,2025-05-23T02:15:03.290Z
sensor.seedlings_moisture,1.0644101055369617,2025-05-23T02:16:03.297Z
sensor.seedlings_moisture,1.0602424063953224,2025-05-23T02:17:03.287Z
sensor.seedlings_moisture,1.11015334222289,2025-05-23T02:18:03.286Z
sensor.seedlings_moisture,1.1019183294523767,2025-05-23T02:19:03.284Z
sensor.seedlings_moisture,1.088884242170257,2025-05-23T02:20:03.289Z
sensor.seedlings_moisture,1.0620070335237966,2025-05-23T02:21:03.282Z
sensor.seedlings_moisture,1.018253171550784,2025-05-23T02:22:03.280Z
sensor.seedlings_moisture,1.0979980646278742,2025-05-23T02:23:03.279Z
sensor.seedlings_moisture,1.0636796504251496,2025-05-23T02:24:03.277Z
sensor.seedlings_moisture,1.0238042293986869,2025-05-23T02:25:03.276Z
sensor.seedlings_moisture,1.0504339823270696,2025-05-23T02:26:03.274Z
sensor.seedlings_moisture,1.1154169052964,2025-05-23T02:27:03.274Z
sensor.seedlings_moisture,1.064424444840376,2025-05-23T02:28:03.271Z
sensor.seedlings_moisture,1.0831770133915835,2025-05-23T02:29:03.282Z
sensor.seedlings_moisture,1.0737321610798019,2025-05-23T02:30:03.267Z
sensor.seedlings_moisture,1.120697691693842,2025-05-23T02:31:03.267Z
sensor.seedlings_moisture,1.0606128966289416,2025-05-23T02:32:03.267Z
sensor.seedlings_moisture,1.0578243139609311,2025-05-23T02:33:03.264Z
sensor.seedlings_moisture,1.0328413001146994,2025-05-23T02:34:03.262Z
sensor.seedlings_moisture,1.0423150791345623,2025-05-23T02:35:03.261Z
sensor.seedlings_moisture,1.0770762108876213,2025-05-23T02:36:03.259Z
sensor.seedlings_moisture,1.0769411767128043,2025-05-23T02:37:03.258Z
sensor.seedlings_moisture,1.0361103837917847,2025-05-23T02:38:03.258Z
sensor.seedlings_moisture,1.0562710922687857,2025-05-23T02:39:03.253Z
sensor.seedlings_moisture,1.0523714835788824,2025-05-23T02:40:03.265Z
sensor.seedlings_moisture,1.0710176733970918,2025-05-23T02:41:03.252Z
sensor.seedlings_moisture,1.0605809890424613,2025-05-23T02:42:03.250Z
sensor.seedlings_moisture,1.03383869038169,2025-05-23T02:43:03.249Z
sensor.seedlings_moisture,1.1115260470847295,2025-05-23T02:44:03.248Z
sensor.seedlings_moisture,1.0733998756704812,2025-05-23T02:45:03.246Z
sensor.seedlings_moisture,1.0836513246332096,2025-05-23T02:46:03.244Z
sensor.seedlings_moisture,1.0681787047584566,2025-05-23T02:47:03.247Z
sensor.seedlings_moisture,1.0445877002851414,2025-05-23T02:48:03.241Z
sensor.seedlings_moisture,1.078011659218486,2025-05-23T02:49:03.240Z
sensor.seedlings_moisture,1.0439400283007436,2025-05-23T02:50:03.239Z
sensor.seedlings_moisture,1.0888194965046223,2025-05-23T02:51:03.237Z
sensor.seedlings_moisture,1.075608514534075,2025-05-23T02:52:03.236Z
sensor.seedlings_moisture,1.0644178096842332,2025-05-23T02:53:03.234Z
sensor.seedlings_moisture,1.06565936257977,2025-05-23T02:54:03.233Z
sensor.seedlings_moisture,1.089667168589658,2025-05-23T02:55:03.231Z
sensor.seedlings_moisture,1.1265997268895653,2025-05-23T02:56:03.230Z
sensor.seedlings_moisture,1.0677278004342696,2025-05-23T02:57:03.228Z
sensor.seedlings_moisture,1.0568902103738136,2025-05-23T02:58:03.227Z
sensor.seedlings_moisture,1.05204753784586,2025-05-23T02:59:03.224Z
sensor.seedlings_moisture,1.0991564923137895,2025-05-23T03:00:03.224Z
sensor.seedlings_moisture,1.11932180401818,2025-05-23T03:01:03.222Z
sensor.seedlings_moisture,1.0620015706902193,2025-05-23T03:02:03.221Z
sensor.seedlings_moisture,1.0589016978694996,2025-05-23T03:03:03.221Z
sensor.seedlings_moisture,1.051127862844725,2025-05-23T03:04:03.218Z
sensor.seedlings_moisture,1.17146459112201,2025-05-23T03:05:03.216Z
sensor.seedlings_moisture,1.037936200880541,2025-05-23T03:06:03.214Z
sensor.seedlings_moisture,1.0612443476897941,2025-05-23T03:07:03.213Z
sensor.seedlings_moisture,1.0846291394448224,2025-05-23T03:08:03.211Z
sensor.seedlings_moisture,1.1162852197283941,2025-05-23T03:09:03.210Z
sensor.seedlings_moisture,1.1635921858735907,2025-05-23T03:10:03.208Z
sensor.seedlings_moisture,1.1524246046864,2025-05-23T03:11:03.206Z
sensor.seedlings_moisture,1.0432922588857514,2025-05-23T03:12:03.205Z
sensor.seedlings_moisture,1.0804205346746945,2025-05-23T03:13:03.203Z
sensor.seedlings_moisture,1.0547089061239205,2025-05-23T03:14:03.202Z
sensor.seedlings_moisture,1.170494657390933,2025-05-23T03:15:03.204Z
sensor.seedlings_moisture,1.0984357518901366,2025-05-23T03:16:03.199Z
sensor.seedlings_moisture,1.0679963136656623,2025-05-23T03:17:03.197Z
sensor.seedlings_moisture,1.0668428274346227,2025-05-23T03:18:03.195Z
sensor.seedlings_moisture,1.0653264048986024,2025-05-23T03:19:03.193Z
sensor.seedlings_moisture,1.1218006101959768,2025-05-23T03:20:03.192Z
sensor.seedlings_moisture,1.0609057070334489,2025-05-23T03:21:03.191Z
sensor.seedlings_moisture,1.0935443042111623,2025-05-23T03:22:03.189Z
sensor.seedlings_moisture,1.0611757870629164,2025-05-23T03:23:03.188Z
sensor.seedlings_moisture,1.0806674821686688,2025-05-23T03:24:03.186Z
sensor.seedlings_moisture,1.0728866351574782,2025-05-23T03:25:03.183Z
sensor.seedlings_moisture,1.0643693511274444,2025-05-23T03:26:03.184Z
sensor.seedlings_moisture,1.0901823884157043,2025-05-23T03:27:03.182Z
sensor.seedlings_moisture,1.056534590310028,2025-05-23T03:28:03.179Z
sensor.seedlings_moisture,1.1678203375049645,2025-05-23T03:29:03.179Z
sensor.seedlings_moisture,1.0439737535941631,2025-05-23T03:30:03.177Z
sensor.seedlings_moisture,1.0665995901537613,2025-05-23T03:31:03.176Z
sensor.seedlings_moisture,1.068385751707786,2025-05-23T03:32:03.174Z
sensor.seedlings_moisture,1.1315554423229879,2025-05-23T03:33:03.173Z
sensor.seedlings_moisture,1.1227972901202206,2025-05-23T03:34:03.172Z
sensor.seedlings_moisture,1.0685073668528688,2025-05-23T03:35:03.170Z
sensor.seedlings_moisture,1.1535581193283855,2025-05-23T03:36:03.168Z
sensor.seedlings_moisture,1.08585204488782,2025-05-23T03:37:03.166Z
sensor.seedlings_moisture,1.14851624893859,2025-05-23T03:38:03.166Z
sensor.seedlings_moisture,1.0887762695835548,2025-05-23T03:39:03.164Z
sensor.seedlings_moisture,1.06569225881847,2025-05-23T03:40:03.162Z
sensor.seedlings_moisture,1.069963934167687,2025-05-23T03:41:03.160Z
sensor.seedlings_moisture,1.0995589457593808,2025-05-23T03:42:03.159Z
sensor.seedlings_moisture,1.08152841821649,2025-05-23T03:43:03.158Z
sensor.seedlings_moisture,1.0733278035405533,2025-05-23T03:44:03.156Z
sensor.seedlings_moisture,1.0511109830819887,2025-05-23T03:45:03.154Z
sensor.seedlings_moisture,1.0792774829289618,2025-05-23T03:46:03.153Z
sensor.seedlings_moisture,1.1190698280809126,2025-05-23T03:47:03.151Z
sensor.seedlings_moisture,1.0871163840543854,2025-05-23T03:48:03.150Z
sensor.seedlings_moisture,1.0595979857371742,2025-05-23T03:49:03.148Z
sensor.seedlings_moisture,1.0650664663655725,2025-05-23T03:50:03.147Z
sensor.seedlings_moisture,1.048094049741698,2025-05-23T03:51:03.145Z
sensor.seedlings_moisture,1.1249786292066606,2025-05-23T03:52:03.143Z
sensor.seedlings_moisture,1.0760583462619313,2025-05-23T03:53:03.142Z
sensor.seedlings_moisture,1.0753165665521947,2025-05-23T03:54:03.141Z
sensor.seedlings_moisture,1.1085911057404954,2025-05-23T03:55:03.140Z
sensor.seedlings_moisture,1.0279609253416018,2025-05-23T03:56:03.138Z
sensor.seedlings_moisture,1.093281783714063,2025-05-23T03:57:03.136Z
sensor.seedlings_moisture,1.068817282257627,2025-05-23T03:58:03.138Z
sensor.seedlings_moisture,1.0524453470952648,2025-05-23T03:59:03.133Z
sensor.seedlings_moisture,1.051497285670441,2025-05-23T04:00:03.132Z
sensor.seedlings_moisture,1.1355829023442985,2025-05-23T04:01:03.130Z
sensor.seedlings_moisture,1.062033821027678,2025-05-23T04:02:03.129Z
sensor.seedlings_moisture,1.0454771967433354,2025-05-23T04:03:03.127Z
sensor.seedlings_moisture,1.0840829295176933,2025-05-23T04:04:03.127Z
sensor.seedlings_moisture,1.072910584501372,2025-05-23T04:05:03.124Z
sensor.seedlings_moisture,1.0457587590867252,2025-05-23T04:06:03.123Z
sensor.seedlings_moisture,1.0421622076962862,2025-05-23T04:07:03.123Z
sensor.seedlings_moisture,1.0772139295078995,2025-05-23T04:08:03.120Z
sensor.seedlings_moisture,1.0353869525002162,2025-05-23T04:09:03.122Z
sensor.seedlings_moisture,1.0503339971782253,2025-05-23T04:10:03.117Z
sensor.seedlings_moisture,1.0714881749311012,2025-05-23T04:11:03.115Z
sensor.seedlings_moisture,1.0340646309132557,2025-05-23T04:12:03.117Z
sensor.seedlings_moisture,1.0321262148492552,2025-05-23T04:13:03.112Z
sensor.seedlings_moisture,1.064543334600533,2025-05-23T04:14:03.112Z
sensor.seedlings_moisture,1.066061501242712,2025-05-23T04:15:03.109Z
sensor.seedlings_moisture,1.0705664579017455,2025-05-23T04:16:03.108Z
sensor.seedlings_moisture,1.05917003839672,2025-05-23T04:17:03.106Z
sensor.seedlings_moisture,1.0499037284841441,2025-05-23T04:18:03.105Z
sensor.seedlings_moisture,1.0551933865987577,2025-05-23T04:19:03.103Z
sensor.seedlings_moisture,1.0713843910809375,2025-05-23T04:20:03.102Z
sensor.seedlings_moisture,1.0587121720130546,2025-05-23T04:21:03.101Z
sensor.seedlings_moisture,1.1304702846217543,2025-05-23T04:22:03.099Z
sensor.seedlings_moisture,1.096783330613066,2025-05-23T04:23:03.098Z
sensor.seedlings_moisture,1.0432142567147666,2025-05-23T04:24:03.096Z
sensor.seedlings_moisture,1.0481248373414385,2025-05-23T04:25:03.096Z
sensor.seedlings_moisture,1.0492577071860423,2025-05-23T04:26:03.097Z
sensor.seedlings_moisture,1.066716044758209,2025-05-23T04:27:03.092Z
sensor.seedlings_moisture,1.0510272710750261,2025-05-23T04:28:03.090Z
sensor.seedlings_moisture,1.0573033757440458,2025-05-23T04:29:03.089Z
sensor.seedlings_moisture,1.0617414441681077,2025-05-23T04:30:03.087Z
sensor.seedlings_moisture,1.0448359837081755,2025-05-23T04:31:03.086Z
sensor.seedlings_moisture,1.1138965175783124,2025-05-23T04:32:03.085Z
sensor.seedlings_moisture,1.03772407439666,2025-05-23T04:33:03.083Z
sensor.seedlings_moisture,1.047412300896948,2025-05-23T04:34:03.082Z
sensor.seedlings_moisture,1.1513030892884046,2025-05-23T04:35:03.080Z
sensor.seedlings_moisture,1.1093580803031313,2025-05-23T04:36:03.079Z
sensor.seedlings_moisture,1.0439713330748683,2025-05-23T04:37:03.078Z
sensor.seedlings_moisture,1.0368230051793623,2025-05-23T04:38:03.076Z
sensor.seedlings_moisture,1.0493935403684624,2025-05-23T04:39:03.074Z
sensor.seedlings_moisture,1.043031432774408,2025-05-23T04:40:03.072Z
sensor.seedlings_moisture,1.0646546070678253,2025-05-23T04:41:03.071Z
sensor.seedlings_moisture,1.044742437410971,2025-05-23T04:42:03.069Z
sensor.seedlings_moisture,1.0620616712840865,2025-05-23T04:43:03.068Z
sensor.seedlings_moisture,1.0311083658869324,2025-05-23T04:44:03.071Z
sensor.seedlings_moisture,1.0289064412570896,2025-05-23T04:45:03.065Z
sensor.seedlings_moisture,1.03866158297329,2025-05-23T04:46:03.065Z
sensor.seedlings_moisture,1.0519134171633113,2025-05-23T04:47:03.062Z
sensor.seedlings_moisture,1.044366382066062,2025-05-23T04:48:03.060Z
sensor.seedlings_moisture,1.0778993315282335,2025-05-23T04:49:03.059Z
sensor.seedlings_moisture,1.0207366807549738,2025-05-23T04:50:03.057Z
sensor.seedlings_moisture,1.2060071631021794,2025-05-23T04:51:03.060Z
sensor.seedlings_moisture,1.0562294941917905,2025-05-23T04:52:03.054Z
sensor.seedlings_moisture,1.1127228828045834,2025-05-23T04:53:03.053Z
sensor.seedlings_moisture,1.2055836404787736,2025-05-23T04:54:03.051Z
sensor.seedlings_moisture,1.086017811979243,2025-05-23T04:55:03.049Z
sensor.seedlings_moisture,1.0434234451772268,2025-05-23T04:56:03.048Z
sensor.seedlings_moisture,1.0613372915274615,2025-05-23T04:57:03.047Z
sensor.seedlings_moisture,1.0481227906563653,2025-05-23T04:58:03.045Z
sensor.seedlings_moisture,1.0844244501222253,2025-05-23T04:59:03.048Z
sensor.seedlings_moisture,1.1222027014617852,2025-05-23T05:00:03.042Z
sensor.seedlings_moisture,1.0918222395345765,2025-05-23T05:01:03.042Z
sensor.seedlings_moisture,1.0481863322873162,2025-05-23T05:02:03.039Z
sensor.seedlings_moisture,1.1102510851808736,2025-05-23T05:03:03.037Z
sensor.seedlings_moisture,1.0800833880825178,2025-05-23T05:04:03.036Z
sensor.seedlings_moisture,1.0813948572744172,2025-05-23T05:05:03.034Z
sensor.seedlings_moisture,1.0659902779430244,2025-05-23T05:06:03.033Z
sensor.seedlings_moisture,1.0706963853119644,2025-05-23T05:07:03.033Z
sensor.seedlings_moisture,1.045471391708416,2025-05-23T05:08:03.030Z
sensor.seedlings_moisture,1.051077811223048,2025-05-23T05:09:03.028Z
sensor.seedlings_moisture,1.1112279346400056,2025-05-23T05:10:03.026Z
sensor.seedlings_moisture,1.0492808327675243,2025-05-23T05:11:03.025Z
sensor.seedlings_moisture,1.0668881489489421,2025-05-23T05:12:03.025Z
sensor.seedlings_moisture,1.0872864596622613,2025-05-23T05:13:03.023Z
sensor.seedlings_moisture,1.0475501402560417,2025-05-23T05:14:03.021Z
sensor.seedlings_moisture,1.0711437411745677,2025-05-23T05:15:03.019Z
sensor.seedlings_moisture,1.0635461057802453,2025-05-23T05:16:03.018Z
sensor.seedlings_moisture,1.090537645010706,2025-05-23T05:17:03.016Z
sensor.seedlings_moisture,1.040013868743249,2025-05-23T05:18:03.015Z
sensor.seedlings_moisture,1.0443014175978549,2025-05-23T05:19:03.013Z
sensor.seedlings_moisture,1.0835371154188942,2025-05-23T05:20:03.011Z
sensor.seedlings_moisture,1.1100394837542884,2025-05-23T05:21:03.010Z
sensor.seedlings_moisture,1.0687160644919909,2025-05-23T05:22:03.009Z
sensor.seedlings_moisture,1.0427775648062771,2025-05-23T05:23:03.007Z
sensor.seedlings_moisture,1.0674286548874052,2025-05-23T05:24:03.006Z
sensor.seedlings_moisture,1.0535069871256824,2025-05-23T05:25:03.004Z
sensor.seedlings_moisture,1.081836450322339,2025-05-23T05:26:03.003Z
sensor.seedlings_moisture,1.0384870863901667,2025-05-23T05:27:03.002Z
sensor.seedlings_moisture,1.135140438129444,2025-05-23T05:28:03.000Z
sensor.seedlings_moisture,1.051608730420835,2025-05-23T05:29:02.999Z
sensor.seedlings_moisture,1.1049805416876626,2025-05-23T05:30:02.996Z
sensor.seedlings_moisture,1.113337648603563,2025-05-23T05:31:02.996Z
sensor.seedlings_moisture,1.0400957878646495,2025-05-23T05:32:02.994Z
sensor.seedlings_moisture,1.0416097479607414,2025-05-23T05:33:02.995Z
sensor.seedlings_moisture,1.0478258770724131,2025-05-23T05:34:02.991Z
sensor.seedlings_moisture,1.04559847587629,2025-05-23T05:35:02.990Z
sensor.seedlings_moisture,1.0589236974308143,2025-05-23T05:36:02.991Z
sensor.seedlings_moisture,1.0867781756932262,2025-05-23T05:37:02.987Z
sensor.seedlings_moisture,1.147099649559177,2025-05-23T05:38:02.991Z
sensor.seedlings_moisture,1.1267022773181588,2025-05-23T05:39:02.984Z
sensor.seedlings_moisture,1.0983698130571538,2025-05-23T05:40:02.982Z
sensor.seedlings_moisture,1.0797278806102726,2025-05-23T05:41:02.981Z
sensor.seedlings_moisture,1.0953002544999446,2025-05-23T05:42:02.980Z
sensor.seedlings_moisture,1.030400138496546,2025-05-23T05:43:02.978Z
sensor.seedlings_moisture,1.0375034345655918,2025-05-23T05:44:02.976Z
sensor.seedlings_moisture,1.106638019695597,2025-05-23T05:45:02.975Z
sensor.seedlings_moisture,1.0463968145461064,2025-05-23T05:46:02.973Z
sensor.seedlings_moisture,1.0610013019646056,2025-05-23T05:47:02.972Z
sensor.seedlings_moisture,1.0801898099981535,2025-05-23T05:48:02.970Z
sensor.seedlings_moisture,1.063063312213389,2025-05-23T05:49:02.969Z
sensor.seedlings_moisture,1.11042668500424,2025-05-23T05:50:02.968Z
sensor.seedlings_moisture,1.0379739679531697,2025-05-23T05:51:02.966Z
sensor.seedlings_moisture,1.0823726025041387,2025-05-23T05:52:02.964Z
sensor.seedlings_moisture,1.0615406510184187,2025-05-23T05:53:02.962Z
sensor.seedlings_moisture,1.0754790071136966,2025-05-23T05:54:02.961Z
sensor.seedlings_moisture,1.123963997516248,2025-05-23T05:55:02.960Z
sensor.seedlings_moisture,1.122125267111451,2025-05-23T05:56:02.957Z
sensor.seedlings_moisture,1.1399734070089333,2025-05-23T05:57:02.962Z
sensor.seedlings_moisture,1.1053857076382063,2025-05-23T05:58:02.955Z
sensor.seedlings_moisture,1.03015147725386,2025-05-23T05:59:02.954Z
sensor.seedlings_moisture,1.060531045147398,2025-05-23T06:00:02.954Z
sensor.seedlings_moisture,1.0580980073164308,2025-05-23T06:01:02.951Z
sensor.seedlings_moisture,1.0553772326624857,2025-05-23T06:02:02.949Z
sensor.seedlings_moisture,1.073170361967999,2025-05-23T06:03:02.948Z
sensor.seedlings_moisture,1.0916281182679028,2025-05-23T06:04:02.946Z
sensor.seedlings_moisture,1.114629972147862,2025-05-23T06:05:02.945Z
sensor.seedlings_moisture,1.0515011806778405,2025-05-23T06:06:02.943Z
sensor.seedlings_moisture,1.069002129950605,2025-05-23T06:07:02.942Z
sensor.seedlings_moisture,1.0617803427058476,2025-05-23T06:08:02.944Z
sensor.seedlings_moisture,1.1550474217298965,2025-05-23T06:09:02.939Z
sensor.seedlings_moisture,1.0946396205762874,2025-05-23T06:10:02.939Z
